{"stats":{"minecraft:broken":{"minecraft:diamond_helmet":1,"minecraft:stone_pickaxe":2,"minecraft:diamond_boots":1,"minecraft:diamond_pickaxe":1,"minecraft:diamond_chestplate":1,"minecraft:diamond_leggings":1,"minecraft:wooden_pickaxe":1,"minecraft:shield":1,"minecraft:iron_pickaxe":1},"minecraft:mined":{"minecraft:farmland":1,"minecraft:obsidian":5,"minecraft:granite":13,"minecraft:grass_block":34,"minecraft:chiseled_tuff_bricks":3,"minecraft:composter":1,"minecraft:nether_wart":20,"minecraft:tuff_bricks":51,"minecraft:cobbled_deepslate":7,"minecraft:iron_ore":17,"minecraft:fire":13,"minecraft:polished_tuff":9,"minecraft:deepslate_lapis_ore":7,"minecraft:brown_bed":1,"minecraft:dirt_path":3,"minecraft:tripwire":1,"minecraft:waxed_cut_copper_stairs":2,"minecraft:deepslate_redstone_ore":7,"minecraft:powder_snow":1,"minecraft:torch":2,"minecraft:jungle_stairs":2,"minecraft:nether_quartz_ore":6,"minecraft:cobblestone":11,"minecraft:sugar_cane":1,"minecraft:oak_planks":5,"minecraft:pink_petals":3,"minecraft:waxed_copper_bulb":1,"minecraft:warped_nylium":28,"minecraft:red_candle":1,"minecraft:lilac":1,"minecraft:waxed_copper_block":6,"minecraft:oak_log":69,"minecraft:sand":2,"minecraft:dirt":46,"minecraft:netherrack":349,"minecraft:oak_leaves":5,"minecraft:deepslate":1563,"minecraft:tuff":229,"minecraft:deepslate_diamond_ore":143,"minecraft:dark_oak_log":7,"minecraft:nether_bricks":13,"minecraft:decorated_pot":8,"minecraft:jungle_planks":10,"minecraft:white_stained_glass":2,"minecraft:redstone_ore":6,"minecraft:furnace":5,"minecraft:carrots":2,"minecraft:waxed_copper_grate":2,"minecraft:nether_sprouts":12,"minecraft:andesite":37,"minecraft:nether_brick_fence":2,"minecraft:warped_stem":2,"minecraft:stone":339,"minecraft:waxed_exposed_copper_bulb":1,"minecraft:dandelion":7,"minecraft:crafting_table":3,"minecraft:short_grass":267,"minecraft:warped_roots":53,"minecraft:tall_grass":59,"minecraft:copper_ore":3,"minecraft:deepslate_gold_ore":2,"minecraft:diorite":20,"minecraft:waxed_oxidized_copper_grate":7,"minecraft:birch_leaves":1,"minecraft:jungle_fence":1,"minecraft:coal_ore":10,"minecraft:flower_pot":1,"minecraft:sunflower":2,"minecraft:gravel":40,"minecraft:cobweb":5},"minecraft:killed_by":{"minecraft:piglin":2,"minecraft:zombie":4,"minecraft:wolf":1,"minecraft:stray":4,"minecraft:spider":3,"minecraft:enderman":9,"minecraft:skeleton":2},"minecraft:custom":{"minecraft:interact_with_crafting_table":681,"minecraft:leave_game":19,"minecraft:time_since_death":35182,"minecraft:sprint_one_cm":881865,"minecraft:damage_blocked_by_shield":2165,"minecraft:drop":148,"minecraft:talked_to_villager":1,"minecraft:play_time":233677,"minecraft:deaths":29,"minecraft:jump":5724,"minecraft:walk_on_water_one_cm":46291,"minecraft:interact_with_furnace":9,"minecraft:sleep_in_bed":4,"minecraft:damage_dealt":33682,"minecraft:player_kills":1,"minecraft:crouch_one_cm":19873,"minecraft:inspect_dispenser":10,"minecraft:mob_kills":178,"minecraft:climb_one_cm":11390,"minecraft:walk_one_cm":502196,"minecraft:sneak_time":7575,"minecraft:walk_under_water_one_cm":20333,"minecraft:boat_one_cm":73031,"minecraft:total_world_time":233677,"minecraft:time_since_rest":26621,"minecraft:damage_taken":16595,"minecraft:damage_absorbed":40,"minecraft:swim_one_cm":46735,"minecraft:fly_one_cm":1048591,"minecraft:open_chest":62,"minecraft:fall_one_cm":224967},"minecraft:used":{"minecraft:tuff_bricks":2,"minecraft:diamond_hoe":252,"minecraft:shield":37,"minecraft:rotten_flesh":13,"minecraft:mutton":6,"minecraft:carrot":222,"minecraft:waxed_copper_grate":3,"minecraft:obsidian":8,"minecraft:lava_bucket":4,"minecraft:birch_sapling":1,"minecraft:bow":1,"minecraft:warped_fungus":1,"minecraft:furnace":4,"minecraft:diamond_boots":1,"minecraft:stone_pickaxe":388,"minecraft:oak_planks":6,"minecraft:ender_pearl":1,"minecraft:wooden_pickaxe":40,"minecraft:composter":5,"minecraft:diamond_axe":223,"minecraft:golden_apple":1,"minecraft:bread":35,"minecraft:string":6,"minecraft:gravel":14,"minecraft:diamond_sword":358,"minecraft:andesite":34,"minecraft:oak_boat":13,"minecraft:bone_meal":17,"minecraft:flint_and_steel":1,"minecraft:netherrack":242,"minecraft:cooked_chicken":1,"minecraft:trial_key":5,"minecraft:torch":1,"minecraft:dirt":34,"minecraft:iron_axe":223,"minecraft:golden_carrot":71,"minecraft:beef":2,"minecraft:cobbled_deepslate":229,"minecraft:powder_snow_bucket":4,"minecraft:brown_bed":1,"minecraft:water_bucket":96,"minecraft:rabbit":1,"minecraft:waxed_copper_block":3,"minecraft:warped_roots":49,"minecraft:crafting_table":5,"minecraft:diamond_pickaxe":2329,"minecraft:diamond_shovel":66,"minecraft:wind_charge":21,"minecraft:iron_pickaxe":250,"minecraft:map":1,"minecraft:cobblestone":66,"minecraft:porkchop":8,"minecraft:bucket":105},"minecraft:dropped":{"minecraft:lapis_lazuli":43,"minecraft:diamond":49,"minecraft:decorated_pot":1,"minecraft:warped_roots":8,"minecraft:leather":4,"minecraft:honeycomb":1,"minecraft:jungle_planks":7,"minecraft:leather_helmet":3,"minecraft:flint":2,"minecraft:emerald":9,"minecraft:dirt":14,"minecraft:scrape_pottery_sherd":1,"minecraft:music_disc_precipice":1,"minecraft:sunflower":1,"minecraft:dark_oak_planks":5,"minecraft:white_wool":5,"minecraft:bone":8,"minecraft:gravel":19,"minecraft:red_glazed_terracotta":1,"minecraft:sugar_cane":8,"minecraft:chiseled_tuff_bricks":1,"minecraft:cobbled_deepslate":777,"minecraft:obsidian":4,"minecraft:rotten_flesh":13,"minecraft:oak_planks":3,"minecraft:nether_brick_fence":2,"minecraft:carrot":39,"minecraft:wind_charge":6,"minecraft:tipped_arrow":13,"minecraft:red_candle":28,"minecraft:jungle_stairs":2,"minecraft:leather_leggings":1,"minecraft:breeze_rod":1,"minecraft:arrow":17,"minecraft:beef":5,"minecraft:netherrack":121,"minecraft:iron_ingot":11,"minecraft:wheat_seeds":30,"minecraft:lilac":2,"minecraft:cobblestone":355,"minecraft:polished_tuff":12,"minecraft:granite":15,"minecraft:coal":7,"minecraft:stick":3,"minecraft:diorite":32,"minecraft:golden_carrot":129,"minecraft:waxed_copper_bulb":1,"minecraft:potion":2,"minecraft:iron_axe":2,"minecraft:string":46,"minecraft:pink_petals":4,"minecraft:bucket":1,"minecraft:dandelion":7,"minecraft:redstone":53,"minecraft:tuff_bricks":48,"minecraft:warped_nylium":1,"minecraft:raw_copper":13,"minecraft:tuff":156,"minecraft:raw_iron":7,"minecraft:nether_bricks":10,"minecraft:filled_map":1,"minecraft:diamond_sword":1,"minecraft:spruce_planks":1,"minecraft:andesite":19,"minecraft:oak_sapling":2,"minecraft:spider_eye":7,"minecraft:slime_ball":1,"minecraft:bow":2,"minecraft:waxed_exposed_copper_bulb":1,"minecraft:waxed_oxidized_copper_grate":7,"minecraft:brick":2},"minecraft:crafted":{"minecraft:oak_planks":276,"minecraft:blaze_powder":50,"minecraft:diamond_shovel":1,"minecraft:diamond_helmet":2,"minecraft:diamond_leggings":2,"minecraft:ender_eye":12,"minecraft:oak_slab":30,"minecraft:diamond_axe":1,"minecraft:crafting_table":2,"minecraft:wooden_pickaxe":1,"minecraft:diamond_pickaxe":2,"minecraft:stick":36,"minecraft:iron_pickaxe":1,"minecraft:iron_ingot":5,"minecraft:redstone_torch":12,"minecraft:composter":4,"minecraft:diamond_hoe":1,"minecraft:wind_charge":28,"minecraft:flint_and_steel":1,"minecraft:stone_pickaxe":3,"minecraft:diamond_boots":2,"minecraft:dark_oak_planks":24,"minecraft:diamond_sword":1,"minecraft:bucket":2,"minecraft:air":0,"minecraft:oak_boat":11,"minecraft:diamond_chestplate":2},"minecraft:picked_up":{"minecraft:nether_brick_fence":2,"minecraft:diamond_sword":1,"minecraft:brown_bed":1,"minecraft:potion":4,"minecraft:string":52,"minecraft:raw_copper":13,"minecraft:red_candle":28,"minecraft:cobbled_deepslate":1003,"minecraft:bucket":1,"minecraft:spruce_planks":1,"minecraft:trial_key":11,"minecraft:iron_pickaxe":1,"minecraft:furnace":5,"minecraft:tipped_arrow":13,"minecraft:stick":2,"minecraft:composter":1,"minecraft:torch":3,"minecraft:porkchop":8,"minecraft:waxed_copper_grate":3,"minecraft:diorite":32,"minecraft:waxed_cut_copper_stairs":2,"minecraft:rotten_flesh":26,"minecraft:honey_bottle":4,"minecraft:blaze_rod":25,"minecraft:obsidian":12,"minecraft:cobblestone":439,"minecraft:pink_petals":4,"minecraft:lilac":2,"minecraft:andesite":53,"minecraft:flint":3,"minecraft:tuff":155,"minecraft:lapis_lazuli":43,"minecraft:dirt":59,"minecraft:bone":9,"minecraft:bow":2,"minecraft:wheat_seeds":37,"minecraft:rabbit":1,"minecraft:oak_planks":9,"minecraft:honeycomb":1,"minecraft:scrape_pottery_sherd":1,"minecraft:sand":2,"minecraft:jungle_planks":10,"minecraft:dark_oak_log":6,"minecraft:diamond":138,"minecraft:waxed_oxidized_copper_grate":7,"minecraft:granite":15,"minecraft:crossbow":1,"minecraft:breeze_rod":8,"minecraft:bone_meal":108,"minecraft:bread":35,"minecraft:emerald":9,"minecraft:oak_sapling":2,"minecraft:netherrack":363,"minecraft:crafting_table":3,"minecraft:allium":1,"minecraft:nether_wart":23,"minecraft:leather_leggings":1,"minecraft:brick":2,"minecraft:shield":1,"minecraft:wind_charge":13,"minecraft:iron_axe":1,"minecraft:beef":7,"minecraft:oak_boat":9,"minecraft:sugar_cane":8,"minecraft:birch_sapling":1,"minecraft:raw_iron":19,"minecraft:carrot":4,"minecraft:redstone":106,"minecraft:arrow":17,"minecraft:decorated_pot":1,"minecraft:jungle_stairs":2,"minecraft:nether_bricks":10,"minecraft:tuff_bricks":50,"minecraft:mutton":6,"minecraft:white_wool":5,"minecraft:golden_carrot":65,"minecraft:leather":4,"minecraft:red_glazed_terracotta":1,"minecraft:jungle_fence":1,"minecraft:waxed_copper_bulb":1,"minecraft:oak_log":69,"minecraft:waxed_copper_block":5,"minecraft:apple":3,"minecraft:warped_stem":2,"minecraft:iron_ingot":16,"minecraft:cooked_chicken":1,"minecraft:glass_bottle":1,"minecraft:warped_fungus":3,"minecraft:quartz":6,"minecraft:waxed_exposed_copper_bulb":1,"minecraft:dandelion":7,"minecraft:gravel":33,"minecraft:polished_tuff":12,"minecraft:spider_eye":7,"minecraft:leather_helmet":3,"minecraft:slime_ball":1,"minecraft:diamond_axe":1,"minecraft:warped_roots":61,"minecraft:chiseled_tuff_bricks":1,"minecraft:coal":35,"minecraft:warped_nylium":9,"minecraft:ender_pearl":13,"minecraft:sunflower":1},"minecraft:killed":{"minecraft:spider":26,"minecraft:skeleton":2,"minecraft:piglin":3,"minecraft:pig":3,"minecraft:sheep":5,"minecraft:zombie":16,"minecraft:stray":6,"minecraft:cow":3,"minecraft:blaze":50,"minecraft:slime":27,"minecraft:horse":1,"minecraft:breeze":4,"minecraft:wither_skeleton":3,"minecraft:enderman":28}},"DataVersion":3953}