{"stats":{"minecraft:broken":{"minecraft:diamond_chestplate":1,"minecraft:diamond_helmet":1,"minecraft:diamond_leggings":1,"minecraft:wooden_pickaxe":1,"minecraft:stone_pickaxe":2,"minecraft:diamond_boots":1,"minecraft:shield":1,"minecraft:diamond_pickaxe":1,"minecraft:iron_pickaxe":1},"minecraft:mined":{"minecraft:tuff":229,"minecraft:farmland":1,"minecraft:deepslate_diamond_ore":143,"minecraft:dark_oak_log":7,"minecraft:obsidian":5,"minecraft:nether_bricks":13,"minecraft:granite":13,"minecraft:grass_block":34,"minecraft:decorated_pot":8,"minecraft:white_stained_glass":2,"minecraft:chiseled_tuff_bricks":3,"minecraft:nether_wart":20,"minecraft:tuff_bricks":51,"minecraft:redstone_ore":6,"minecraft:furnace":5,"minecraft:iron_ore":17,"minecraft:waxed_copper_grate":2,"minecraft:nether_sprouts":12,"minecraft:fire":13,"minecraft:cobbled_deepslate":7,"minecraft:polished_tuff":9,"minecraft:andesite":37,"minecraft:deepslate_lapis_ore":7,"minecraft:brown_bed":1,"minecraft:nether_brick_fence":2,"minecraft:dirt_path":3,"minecraft:warped_stem":2,"minecraft:stone":339,"minecraft:tripwire":1,"minecraft:waxed_cut_copper_stairs":2,"minecraft:deepslate_redstone_ore":7,"minecraft:waxed_exposed_copper_bulb":1,"minecraft:dandelion":7,"minecraft:powder_snow":1,"minecraft:crafting_table":3,"minecraft:torch":1,"minecraft:short_grass":251,"minecraft:warped_roots":53,"minecraft:nether_quartz_ore":6,"minecraft:copper_ore":3,"minecraft:tall_grass":52,"minecraft:cobblestone":3,"minecraft:deepslate_gold_ore":2,"minecraft:oak_planks":5,"minecraft:sugar_cane":1,"minecraft:diorite":20,"minecraft:pink_petals":3,"minecraft:waxed_copper_bulb":1,"minecraft:red_candle":1,"minecraft:warped_nylium":28,"minecraft:waxed_oxidized_copper_grate":7,"minecraft:lilac":1,"minecraft:birch_leaves":1,"minecraft:waxed_copper_block":6,"minecraft:coal_ore":10,"minecraft:oak_log":18,"minecraft:gravel":40,"minecraft:dirt":42,"minecraft:sunflower":2,"minecraft:flower_pot":1,"minecraft:cobweb":5,"minecraft:deepslate":1563,"minecraft:netherrack":349,"minecraft:oak_leaves":4},"minecraft:killed_by":{"minecraft:wolf":1,"minecraft:stray":4,"minecraft:spider":3,"minecraft:enderman":9,"minecraft:piglin":2,"minecraft:skeleton":2,"minecraft:zombie":4},"minecraft:custom":{"minecraft:mob_kills":178,"minecraft:interact_with_crafting_table":659,"minecraft:leave_game":17,"minecraft:time_since_death":11871,"minecraft:climb_one_cm":11390,"minecraft:sprint_one_cm":799486,"minecraft:walk_one_cm":458155,"minecraft:damage_blocked_by_shield":2165,"minecraft:drop":139,"minecraft:talked_to_villager":1,"minecraft:play_time":210366,"minecraft:sneak_time":7329,"minecraft:deaths":29,"minecraft:walk_under_water_one_cm":16392,"minecraft:boat_one_cm":14,"minecraft:jump":5362,"minecraft:walk_on_water_one_cm":42852,"minecraft:total_world_time":210366,"minecraft:interact_with_furnace":9,"minecraft:sleep_in_bed":4,"minecraft:time_since_rest":3310,"minecraft:damage_taken":16545,"minecraft:damage_absorbed":40,"minecraft:damage_dealt":33678,"minecraft:player_kills":1,"minecraft:swim_one_cm":30193,"minecraft:fly_one_cm":964813,"minecraft:open_chest":36,"minecraft:crouch_one_cm":19689,"minecraft:fall_one_cm":216669,"minecraft:inspect_dispenser":10},"minecraft:used":{"minecraft:tuff_bricks":2,"minecraft:flint_and_steel":1,"minecraft:diamond_hoe":223,"minecraft:shield":37,"minecraft:trial_key":5,"minecraft:cooked_chicken":1,"minecraft:rotten_flesh":13,"minecraft:netherrack":224,"minecraft:torch":1,"minecraft:dirt":29,"minecraft:mutton":6,"minecraft:waxed_copper_grate":3,"minecraft:obsidian":8,"minecraft:lava_bucket":4,"minecraft:birch_sapling":1,"minecraft:iron_axe":223,"minecraft:golden_carrot":68,"minecraft:beef":2,"minecraft:warped_fungus":1,"minecraft:bow":1,"minecraft:furnace":4,"minecraft:brown_bed":1,"minecraft:powder_snow_bucket":4,"minecraft:cobbled_deepslate":229,"minecraft:water_bucket":96,"minecraft:diamond_boots":1,"minecraft:rabbit":1,"minecraft:oak_planks":6,"minecraft:stone_pickaxe":388,"minecraft:ender_pearl":1,"minecraft:wooden_pickaxe":40,"minecraft:diamond_axe":152,"minecraft:waxed_copper_block":3,"minecraft:warped_roots":49,"minecraft:golden_apple":1,"minecraft:crafting_table":5,"minecraft:diamond_pickaxe":2320,"minecraft:diamond_shovel":65,"minecraft:wind_charge":21,"minecraft:bread":35,"minecraft:iron_pickaxe":250,"minecraft:string":6,"minecraft:map":1,"minecraft:gravel":14,"minecraft:diamond_sword":358,"minecraft:cobblestone":66,"minecraft:porkchop":8,"minecraft:andesite":34,"minecraft:bucket":104,"minecraft:oak_boat":13},"minecraft:crafted":{"minecraft:oak_planks":72,"minecraft:diamond_hoe":1,"minecraft:wind_charge":28,"minecraft:diamond_shovel":1,"minecraft:flint_and_steel":1,"minecraft:diamond_helmet":2,"minecraft:diamond_leggings":2,"minecraft:stone_pickaxe":3,"minecraft:diamond_boots":2,"minecraft:dark_oak_planks":24,"minecraft:diamond_sword":1,"minecraft:diamond_axe":1,"minecraft:crafting_table":2,"minecraft:wooden_pickaxe":1,"minecraft:bucket":1,"minecraft:air":0,"minecraft:oak_boat":11,"minecraft:diamond_pickaxe":2,"minecraft:stick":24,"minecraft:iron_ingot":5,"minecraft:iron_pickaxe":1,"minecraft:diamond_chestplate":2},"minecraft:dropped":{"minecraft:iron_ingot":11,"minecraft:wheat_seeds":30,"minecraft:lapis_lazuli":43,"minecraft:lilac":2,"minecraft:diamond":49,"minecraft:decorated_pot":1,"minecraft:cobblestone":355,"minecraft:warped_roots":8,"minecraft:polished_tuff":12,"minecraft:honeycomb":1,"minecraft:leather":4,"minecraft:granite":15,"minecraft:coal":7,"minecraft:leather_helmet":3,"minecraft:flint":2,"minecraft:stick":3,"minecraft:emerald":9,"minecraft:dirt":14,"minecraft:diorite":32,"minecraft:golden_carrot":128,"minecraft:scrape_pottery_sherd":1,"minecraft:music_disc_precipice":1,"minecraft:waxed_copper_bulb":1,"minecraft:potion":2,"minecraft:sunflower":1,"minecraft:iron_axe":1,"minecraft:dark_oak_planks":5,"minecraft:string":46,"minecraft:pink_petals":4,"minecraft:white_wool":5,"minecraft:bucket":1,"minecraft:dandelion":7,"minecraft:bone":8,"minecraft:redstone":53,"minecraft:gravel":19,"minecraft:red_glazed_terracotta":1,"minecraft:tuff_bricks":48,"minecraft:sugar_cane":8,"minecraft:warped_nylium":1,"minecraft:chiseled_tuff_bricks":1,"minecraft:cobbled_deepslate":777,"minecraft:raw_copper":13,"minecraft:tuff":156,"minecraft:obsidian":4,"minecraft:raw_iron":7,"minecraft:rotten_flesh":13,"minecraft:oak_planks":3,"minecraft:nether_brick_fence":2,"minecraft:nether_bricks":10,"minecraft:carrot":1,"minecraft:wind_charge":6,"minecraft:filled_map":1,"minecraft:diamond_sword":1,"minecraft:tipped_arrow":13,"minecraft:red_candle":28,"minecraft:andesite":19,"minecraft:oak_sapling":2,"minecraft:leather_leggings":1,"minecraft:breeze_rod":1,"minecraft:spider_eye":7,"minecraft:slime_ball":1,"minecraft:arrow":17,"minecraft:bow":2,"minecraft:beef":5,"minecraft:waxed_exposed_copper_bulb":1,"minecraft:brick":2,"minecraft:waxed_oxidized_copper_grate":7},"minecraft:picked_up":{"minecraft:crafting_table":3,"minecraft:nether_brick_fence":2,"minecraft:nether_wart":23,"minecraft:leather_leggings":1,"minecraft:diamond_sword":1,"minecraft:brown_bed":1,"minecraft:potion":4,"minecraft:shield":1,"minecraft:brick":2,"minecraft:wind_charge":13,"minecraft:string":52,"minecraft:raw_copper":13,"minecraft:iron_axe":1,"minecraft:red_candle":28,"minecraft:cobbled_deepslate":1003,"minecraft:bucket":1,"minecraft:beef":7,"minecraft:trial_key":11,"minecraft:oak_boat":9,"minecraft:iron_pickaxe":1,"minecraft:sugar_cane":8,"minecraft:birch_sapling":1,"minecraft:furnace":5,"minecraft:tipped_arrow":13,"minecraft:raw_iron":19,"minecraft:stick":2,"minecraft:torch":2,"minecraft:porkchop":8,"minecraft:waxed_copper_grate":3,"minecraft:diorite":32,"minecraft:carrot":1,"minecraft:redstone":106,"minecraft:waxed_cut_copper_stairs":2,"minecraft:arrow":17,"minecraft:honey_bottle":4,"minecraft:rotten_flesh":26,"minecraft:decorated_pot":1,"minecraft:nether_bricks":10,"minecraft:tuff_bricks":50,"minecraft:blaze_rod":25,"minecraft:mutton":6,"minecraft:obsidian":12,"minecraft:white_wool":5,"minecraft:cobblestone":433,"minecraft:pink_petals":4,"minecraft:lilac":2,"minecraft:golden_carrot":65,"minecraft:leather":4,"minecraft:andesite":53,"minecraft:red_glazed_terracotta":1,"minecraft:flint":3,"minecraft:waxed_copper_bulb":1,"minecraft:tuff":155,"minecraft:oak_log":18,"minecraft:waxed_copper_block":5,"minecraft:lapis_lazuli":43,"minecraft:dirt":56,"minecraft:bone":9,"minecraft:apple":3,"minecraft:bow":2,"minecraft:wheat_seeds":32,"minecraft:warped_stem":2,"minecraft:iron_ingot":16,"minecraft:cooked_chicken":1,"minecraft:rabbit":1,"minecraft:glass_bottle":1,"minecraft:honeycomb":1,"minecraft:oak_planks":9,"minecraft:scrape_pottery_sherd":1,"minecraft:warped_fungus":3,"minecraft:waxed_exposed_copper_bulb":1,"minecraft:quartz":6,"minecraft:dandelion":7,"minecraft:gravel":33,"minecraft:dark_oak_log":6,"minecraft:spider_eye":7,"minecraft:polished_tuff":12,"minecraft:leather_helmet":3,"minecraft:slime_ball":1,"minecraft:diamond":138,"minecraft:waxed_oxidized_copper_grate":7,"minecraft:granite":15,"minecraft:breeze_rod":8,"minecraft:crossbow":1,"minecraft:diamond_axe":1,"minecraft:bone_meal":108,"minecraft:warped_roots":61,"minecraft:bread":35,"minecraft:emerald":9,"minecraft:oak_sapling":2,"minecraft:netherrack":363,"minecraft:warped_nylium":9,"minecraft:coal":11,"minecraft:chiseled_tuff_bricks":1,"minecraft:sunflower":1,"minecraft:ender_pearl":13},"minecraft:killed":{"minecraft:spider":26,"minecraft:slime":27,"minecraft:horse":1,"minecraft:skeleton":2,"minecraft:piglin":3,"minecraft:pig":3,"minecraft:sheep":5,"minecraft:zombie":16,"minecraft:stray":6,"minecraft:breeze":4,"minecraft:wither_skeleton":3,"minecraft:blaze":50,"minecraft:enderman":28,"minecraft:cow":3}},"DataVersion":3953}