{"stats":{"minecraft:broken":{"minecraft:wooden_pickaxe":1,"minecraft:stone_pickaxe":2,"minecraft:diamond_pickaxe":1,"minecraft:iron_pickaxe":1},"minecraft:mined":{"minecraft:tuff":229,"minecraft:deepslate_diamond_ore":143,"minecraft:dark_oak_log":7,"minecraft:granite":13,"minecraft:grass_block":13,"minecraft:decorated_pot":8,"minecraft:white_stained_glass":2,"minecraft:chiseled_tuff_bricks":3,"minecraft:tuff_bricks":45,"minecraft:redstone_ore":6,"minecraft:furnace":4,"minecraft:iron_ore":16,"minecraft:cobbled_deepslate":7,"minecraft:polished_tuff":9,"minecraft:andesite":16,"minecraft:deepslate_lapis_ore":7,"minecraft:brown_bed":1,"minecraft:dirt_path":3,"minecraft:stone":248,"minecraft:tripwire":1,"minecraft:waxed_cut_copper_stairs":2,"minecraft:deepslate_redstone_ore":7,"minecraft:dandelion":7,"minecraft:powder_snow":1,"minecraft:crafting_table":3,"minecraft:short_grass":139,"minecraft:tall_grass":19,"minecraft:copper_ore":3,"minecraft:deepslate_gold_ore":2,"minecraft:sugar_cane":1,"minecraft:oak_planks":1,"minecraft:diorite":20,"minecraft:red_candle":1,"minecraft:waxed_oxidized_copper_grate":7,"minecraft:lilac":1,"minecraft:birch_leaves":1,"minecraft:waxed_copper_block":6,"minecraft:coal_ore":7,"minecraft:gravel":22,"minecraft:flower_pot":1,"minecraft:dirt":20,"minecraft:cobweb":1,"minecraft:oak_leaves":4,"minecraft:deepslate":1563},"minecraft:killed_by":{"minecraft:wolf":1,"minecraft:stray":4,"minecraft:spider":3,"minecraft:skeleton":2,"minecraft:zombie":2},"minecraft:custom":{"minecraft:mob_kills":54,"minecraft:interact_with_crafting_table":655,"minecraft:leave_game":6,"minecraft:time_since_death":1558,"minecraft:climb_one_cm":6433,"minecraft:sprint_one_cm":397360,"minecraft:walk_one_cm":227205,"minecraft:drop":83,"minecraft:play_time":109460,"minecraft:deaths":16,"minecraft:sneak_time":2600,"minecraft:walk_under_water_one_cm":13789,"minecraft:jump":2613,"minecraft:walk_on_water_one_cm":21098,"minecraft:total_world_time":109460,"minecraft:interact_with_furnace":8,"minecraft:sleep_in_bed":1,"minecraft:time_since_rest":1586,"minecraft:damage_taken":6980,"minecraft:damage_absorbed":40,"minecraft:damage_dealt":9017,"minecraft:player_kills":1,"minecraft:swim_one_cm":26498,"minecraft:fly_one_cm":439469,"minecraft:open_chest":18,"minecraft:crouch_one_cm":7076,"minecraft:fall_one_cm":121933,"minecraft:inspect_dispenser":10},"minecraft:used":{"minecraft:tuff_bricks":2,"minecraft:cooked_chicken":1,"minecraft:rotten_flesh":13,"minecraft:trial_key":2,"minecraft:dirt":21,"minecraft:mutton":6,"minecraft:obsidian":7,"minecraft:lava_bucket":4,"minecraft:iron_axe":198,"minecraft:birch_sapling":1,"minecraft:golden_carrot":2,"minecraft:beef":2,"minecraft:furnace":2,"minecraft:brown_bed":1,"minecraft:cobbled_deepslate":224,"minecraft:powder_snow_bucket":4,"minecraft:water_bucket":67,"minecraft:diamond_boots":1,"minecraft:rabbit":1,"minecraft:stone_pickaxe":387,"minecraft:wooden_pickaxe":40,"minecraft:diamond_axe":8,"minecraft:waxed_copper_block":3,"minecraft:golden_apple":1,"minecraft:crafting_table":5,"minecraft:diamond_pickaxe":1761,"minecraft:diamond_shovel":4,"minecraft:wind_charge":1,"minecraft:bread":35,"minecraft:string":6,"minecraft:iron_pickaxe":250,"minecraft:diamond_sword":150,"minecraft:cobblestone":66,"minecraft:porkchop":8,"minecraft:andesite":16,"minecraft:bucket":75},"minecraft:crafted":{"minecraft:diamond_shovel":1,"minecraft:diamond_helmet":1,"minecraft:diamond_leggings":1,"minecraft:stone_pickaxe":3,"minecraft:diamond_boots":1,"minecraft:dark_oak_planks":24,"minecraft:diamond_sword":1,"minecraft:diamond_axe":1,"minecraft:crafting_table":2,"minecraft:wooden_pickaxe":1,"minecraft:bucket":1,"minecraft:air":0,"minecraft:diamond_pickaxe":2,"minecraft:stick":20,"minecraft:iron_ingot":5,"minecraft:iron_pickaxe":1,"minecraft:diamond_chestplate":1},"minecraft:dropped":{"minecraft:iron_ingot":11,"minecraft:wheat_seeds":19,"minecraft:lilac":2,"minecraft:diamond":49,"minecraft:cobblestone":291,"minecraft:polished_tuff":12,"minecraft:granite":15,"minecraft:coal":5,"minecraft:leather_helmet":3,"minecraft:stick":3,"minecraft:flint":2,"minecraft:emerald":3,"minecraft:dirt":14,"minecraft:diorite":32,"minecraft:music_disc_precipice":1,"minecraft:string":17,"minecraft:white_wool":5,"minecraft:bucket":1,"minecraft:redstone":53,"minecraft:dandelion":7,"minecraft:bone":3,"minecraft:gravel":19,"minecraft:red_glazed_terracotta":1,"minecraft:tuff_bricks":42,"minecraft:chiseled_tuff_bricks":1,"minecraft:cobbled_deepslate":738,"minecraft:raw_copper":13,"minecraft:tuff":156,"minecraft:raw_iron":6,"minecraft:oak_planks":3,"minecraft:diamond_sword":1,"minecraft:andesite":16,"minecraft:oak_sapling":2,"minecraft:leather_leggings":1,"minecraft:breeze_rod":1,"minecraft:waxed_oxidized_copper_grate":7,"minecraft:brick":2},"minecraft:picked_up":{"minecraft:crafting_table":3,"minecraft:leather_leggings":1,"minecraft:diamond_sword":1,"minecraft:brown_bed":1,"minecraft:potion":1,"minecraft:brick":2,"minecraft:string":37,"minecraft:raw_copper":13,"minecraft:iron_axe":1,"minecraft:red_candle":14,"minecraft:cobbled_deepslate":1003,"minecraft:bucket":1,"minecraft:beef":2,"minecraft:trial_key":2,"minecraft:iron_pickaxe":1,"minecraft:sugar_cane":8,"minecraft:birch_sapling":1,"minecraft:furnace":4,"minecraft:tipped_arrow":7,"minecraft:stick":2,"minecraft:raw_iron":18,"minecraft:porkchop":8,"minecraft:diorite":32,"minecraft:redstone":106,"minecraft:waxed_cut_copper_stairs":2,"minecraft:arrow":16,"minecraft:rotten_flesh":19,"minecraft:decorated_pot":1,"minecraft:tuff_bricks":44,"minecraft:obsidian":7,"minecraft:mutton":6,"minecraft:white_wool":5,"minecraft:cobblestone":366,"minecraft:lilac":2,"minecraft:andesite":32,"minecraft:red_glazed_terracotta":1,"minecraft:flint":2,"minecraft:tuff":155,"minecraft:waxed_copper_block":5,"minecraft:lapis_lazuli":43,"minecraft:dirt":35,"minecraft:bone":4,"minecraft:apple":2,"minecraft:bow":1,"minecraft:wheat_seeds":19,"minecraft:iron_ingot":12,"minecraft:cooked_chicken":1,"minecraft:rabbit":1,"minecraft:glass_bottle":1,"minecraft:oak_planks":5,"minecraft:scrape_pottery_sherd":1,"minecraft:dandelion":7,"minecraft:gravel":19,"minecraft:dark_oak_log":6,"minecraft:polished_tuff":12,"minecraft:spider_eye":6,"minecraft:leather_helmet":3,"minecraft:diamond":138,"minecraft:waxed_oxidized_copper_grate":7,"minecraft:granite":15,"minecraft:breeze_rod":3,"minecraft:emerald":9,"minecraft:bread":35,"minecraft:oak_sapling":2,"minecraft:chiseled_tuff_bricks":1,"minecraft:coal":9},"minecraft:killed":{"minecraft:spider":23,"minecraft:pig":3,"minecraft:sheep":5,"minecraft:zombie":14,"minecraft:stray":6,"minecraft:breeze":1,"minecraft:cow":1}},"DataVersion":3953}