{"stats":{"minecraft:broken":{"minecraft:diamond_helmet":1,"minecraft:stone_pickaxe":2,"minecraft:diamond_boots":1,"minecraft:diamond_pickaxe":1,"minecraft:diamond_chestplate":1,"minecraft:diamond_leggings":1,"minecraft:wooden_pickaxe":1,"minecraft:shield":1,"minecraft:iron_pickaxe":1},"minecraft:mined":{"minecraft:farmland":1,"minecraft:carved_pumpkin":14,"minecraft:obsidian":5,"minecraft:granite":17,"minecraft:grass_block":42,"minecraft:purpur_slab":1,"minecraft:chiseled_tuff_bricks":3,"minecraft:composter":1,"minecraft:nether_wart":20,"minecraft:tuff_bricks":51,"minecraft:tall_seagrass":1,"minecraft:iron_ore":17,"minecraft:cobbled_deepslate":7,"minecraft:fire":19,"minecraft:polished_tuff":9,"minecraft:pumpkin":5,"minecraft:deepslate_lapis_ore":8,"minecraft:brown_bed":1,"minecraft:dirt_path":3,"minecraft:end_stone_bricks":3,"minecraft:tripwire":1,"minecraft:waxed_cut_copper_stairs":2,"minecraft:deepslate_redstone_ore":7,"minecraft:purpur_stairs":1,"minecraft:powder_snow":1,"minecraft:torch":3,"minecraft:jungle_stairs":2,"minecraft:chest":7,"minecraft:nether_quartz_ore":6,"minecraft:cobblestone":51,"minecraft:sugar_cane":24,"minecraft:oak_planks":5,"minecraft:iron_door":4,"minecraft:wall_torch":2,"minecraft:pink_petals":3,"minecraft:waxed_copper_bulb":1,"minecraft:warped_nylium":28,"minecraft:red_candle":1,"minecraft:lilac":1,"minecraft:waxed_copper_block":6,"minecraft:oak_log":69,"minecraft:sand":5,"minecraft:dirt":63,"minecraft:netherrack":353,"minecraft:oak_leaves":9,"minecraft:deepslate":2275,"minecraft:tuff":294,"minecraft:deepslate_diamond_ore":209,"minecraft:dark_oak_log":7,"minecraft:shulker_box":3,"minecraft:end_stone":445,"minecraft:nether_bricks":13,"minecraft:decorated_pot":8,"minecraft:jungle_planks":10,"minecraft:white_stained_glass":2,"minecraft:spruce_leaves":4,"minecraft:sandstone":1,"minecraft:redstone_ore":6,"minecraft:oak_trapdoor":4,"minecraft:spruce_sapling":1,"minecraft:furnace":5,"minecraft:carrots":2,"minecraft:waxed_copper_grate":2,"minecraft:nether_sprouts":12,"minecraft:snow":151,"minecraft:andesite":51,"minecraft:gold_block":2,"minecraft:nether_brick_fence":2,"minecraft:warped_stem":2,"minecraft:chorus_plant":1,"minecraft:stone":433,"minecraft:waxed_exposed_copper_bulb":1,"minecraft:infested_stone_bricks":1,"minecraft:dandelion":7,"minecraft:crafting_table":3,"minecraft:short_grass":299,"minecraft:warped_roots":54,"minecraft:copper_ore":3,"minecraft:purpur_pillar":7,"minecraft:tall_grass":60,"minecraft:deepslate_gold_ore":2,"minecraft:diorite":33,"minecraft:waxed_oxidized_copper_grate":7,"minecraft:ice":5,"minecraft:spruce_log":15,"minecraft:birch_leaves":1,"minecraft:jungle_fence":1,"minecraft:yellow_bed":1,"minecraft:coal_ore":12,"minecraft:sunflower":2,"minecraft:end_rod":1,"minecraft:gravel":43,"minecraft:flower_pot":1,"minecraft:cobweb":5,"minecraft:cracked_stone_bricks":2,"minecraft:stone_bricks":5,"minecraft:mossy_stone_bricks":4,"minecraft:fern":2},"minecraft:killed_by":{"minecraft:piglin":2,"minecraft:zombie":4,"minecraft:wolf":1,"minecraft:stray":4,"minecraft:spider":3,"minecraft:enderman":12,"minecraft:ender_dragon":1,"minecraft:skeleton":2},"minecraft:custom":{"minecraft:interact_with_crafting_table":694,"minecraft:open_shulker_box":7,"minecraft:leave_game":45,"minecraft:time_since_death":15206,"minecraft:sprint_one_cm":1266220,"minecraft:damage_blocked_by_shield":2165,"minecraft:drop":210,"minecraft:talked_to_villager":2,"minecraft:play_time":385208,"minecraft:deaths":43,"minecraft:jump":8463,"minecraft:interact_with_brewingstand":1,"minecraft:walk_on_water_one_cm":151113,"minecraft:interact_with_furnace":9,"minecraft:sleep_in_bed":4,"minecraft:damage_dealt":47783,"minecraft:player_kills":2,"minecraft:crouch_one_cm":33887,"minecraft:inspect_dispenser":10,"minecraft:mob_kills":217,"minecraft:climb_one_cm":13845,"minecraft:walk_one_cm":726418,"minecraft:sneak_time":14613,"minecraft:walk_under_water_one_cm":51851,"minecraft:boat_one_cm":89577,"minecraft:total_world_time":385208,"minecraft:time_since_rest":15231,"minecraft:damage_taken":29312,"minecraft:damage_absorbed":40,"minecraft:swim_one_cm":74388,"minecraft:fly_one_cm":3120424,"minecraft:open_chest":119,"minecraft:aviate_one_cm":43761,"minecraft:fall_one_cm":328527},"minecraft:used":{"minecraft:tuff_bricks":2,"minecraft:iron_shovel":159,"minecraft:diamond_hoe":252,"minecraft:shield":37,"minecraft:rotten_flesh":13,"minecraft:mutton":6,"minecraft:carrot":222,"minecraft:waxed_copper_grate":3,"minecraft:obsidian":8,"minecraft:lava_bucket":6,"minecraft:birch_sapling":1,"minecraft:bow":1,"minecraft:warped_fungus":1,"minecraft:furnace":4,"minecraft:diamond_boots":1,"minecraft:chorus_fruit":3,"minecraft:stone_pickaxe":388,"minecraft:oak_planks":6,"minecraft:ender_pearl":104,"minecraft:wooden_pickaxe":40,"minecraft:composter":5,"minecraft:diamond_axe":292,"minecraft:golden_apple":1,"minecraft:end_stone":123,"minecraft:shears":15,"minecraft:lever":1,"minecraft:bread":35,"minecraft:string":8,"minecraft:gravel":14,"minecraft:diamond_sword":614,"minecraft:andesite":36,"minecraft:oak_boat":14,"minecraft:bone_meal":37,"minecraft:oak_fence":15,"minecraft:oak_trapdoor":4,"minecraft:flint_and_steel":1,"minecraft:carved_pumpkin":2,"minecraft:spruce_planks":1,"minecraft:trial_key":5,"minecraft:cooked_chicken":1,"minecraft:netherrack":303,"minecraft:torch":2,"minecraft:dirt":92,"minecraft:shulker_box":3,"minecraft:iron_axe":223,"minecraft:tripwire_hook":2,"minecraft:golden_carrot":158,"minecraft:beef":2,"minecraft:cobbled_deepslate":229,"minecraft:pumpkin":5,"minecraft:powder_snow_bucket":4,"minecraft:brown_bed":1,"minecraft:water_bucket":191,"minecraft:rabbit":1,"minecraft:snow_block":4,"minecraft:glass_bottle":1,"minecraft:waxed_copper_block":3,"minecraft:warped_roots":49,"minecraft:crafting_table":5,"minecraft:ender_eye":41,"minecraft:diamond_pickaxe":3843,"minecraft:diamond_shovel":66,"minecraft:wind_charge":21,"minecraft:iron_pickaxe":250,"minecraft:map":1,"minecraft:spruce_sapling":12,"minecraft:fishing_rod":4,"minecraft:potion":2,"minecraft:cobblestone":150,"minecraft:porkchop":8,"minecraft:bucket":201,"minecraft:yellow_bed":1},"minecraft:dropped":{"minecraft:diamond_axe":2,"minecraft:lapis_lazuli":43,"minecraft:chorus_fruit":4,"minecraft:ender_pearl":98,"minecraft:diamond":113,"minecraft:decorated_pot":1,"minecraft:jungle_fence":1,"minecraft:warped_roots":8,"minecraft:leather":4,"minecraft:honeycomb":1,"minecraft:jungle_planks":10,"minecraft:cracked_stone_bricks":1,"minecraft:saddle":2,"minecraft:leather_helmet":3,"minecraft:flint":2,"minecraft:emerald":9,"minecraft:dirt":46,"minecraft:scrape_pottery_sherd":1,"minecraft:music_disc_precipice":1,"minecraft:snowball":7,"minecraft:sunflower":1,"minecraft:dark_oak_planks":5,"minecraft:white_wool":5,"minecraft:bone":8,"minecraft:gravel":19,"minecraft:red_glazed_terracotta":1,"minecraft:sugar_cane":8,"minecraft:chiseled_tuff_bricks":1,"minecraft:cobbled_deepslate":934,"minecraft:obsidian":4,"minecraft:rotten_flesh":15,"minecraft:oak_planks":38,"minecraft:diamond_shovel":1,"minecraft:end_stone":92,"minecraft:nether_brick_fence":2,"minecraft:carrot":39,"minecraft:wind_charge":6,"minecraft:shulker_shell":3,"minecraft:tipped_arrow":13,"minecraft:red_candle":28,"minecraft:jungle_stairs":2,"minecraft:hopper":4,"minecraft:chest":1,"minecraft:leather_leggings":1,"minecraft:breeze_rod":1,"minecraft:end_stone_bricks":1,"minecraft:arrow":18,"minecraft:beef":5,"minecraft:netherrack":121,"minecraft:iron_ingot":13,"minecraft:wheat_seeds":34,"minecraft:lilac":2,"minecraft:golden_horse_armor":1,"minecraft:cobblestone":434,"minecraft:polished_tuff":12,"minecraft:granite":19,"minecraft:coal":9,"minecraft:stick":5,"minecraft:diorite":45,"minecraft:golden_carrot":129,"minecraft:torch":1,"minecraft:waxed_copper_bulb":1,"minecraft:map":2,"minecraft:diamond_helmet":1,"minecraft:potion":2,"minecraft:iron_leggings":1,"minecraft:iron_axe":2,"minecraft:string":46,"minecraft:pink_petals":4,"minecraft:bucket":1,"minecraft:dandelion":7,"minecraft:redstone":53,"minecraft:tuff_bricks":48,"minecraft:warped_nylium":1,"minecraft:raw_copper":13,"minecraft:tuff":216,"minecraft:raw_iron":7,"minecraft:nether_bricks":10,"minecraft:filled_map":2,"minecraft:diamond_sword":1,"minecraft:allium":1,"minecraft:diamond_chestplate":3,"minecraft:spruce_planks":1,"minecraft:diamond_pickaxe":1,"minecraft:andesite":30,"minecraft:oak_sapling":2,"minecraft:spider_eye":7,"minecraft:stone_bricks":2,"minecraft:slime_ball":1,"minecraft:bow":2,"minecraft:waxed_exposed_copper_bulb":1,"minecraft:waxed_oxidized_copper_grate":7,"minecraft:brick":2},"minecraft:crafted":{"minecraft:oak_planks":276,"minecraft:blaze_powder":50,"minecraft:lever":1,"minecraft:diamond_shovel":1,"minecraft:shulker_box":1,"minecraft:hopper":4,"minecraft:diamond_helmet":2,"minecraft:diamond_leggings":2,"minecraft:chest":3,"minecraft:ender_eye":12,"minecraft:oak_fence":15,"minecraft:oak_slab":30,"minecraft:diamond_axe":1,"minecraft:crafting_table":2,"minecraft:spruce_planks":4,"minecraft:wooden_pickaxe":1,"minecraft:diamond_pickaxe":2,"minecraft:stick":52,"minecraft:iron_ingot":5,"minecraft:iron_pickaxe":1,"minecraft:snow_block":26,"minecraft:redstone_torch":12,"minecraft:composter":4,"minecraft:shears":1,"minecraft:fishing_rod":1,"minecraft:diamond_hoe":1,"minecraft:wind_charge":56,"minecraft:flint_and_steel":1,"minecraft:slime_ball":9,"minecraft:stone_pickaxe":3,"minecraft:diamond_boots":2,"minecraft:dark_oak_planks":24,"minecraft:lead":2,"minecraft:diamond_sword":1,"minecraft:bucket":2,"minecraft:air":0,"minecraft:oak_boat":12,"minecraft:diamond_chestplate":2},"minecraft:picked_up":{"minecraft:shulker_shell":11,"minecraft:nether_brick_fence":2,"minecraft:diamond_sword":1,"minecraft:brown_bed":1,"minecraft:potion":4,"minecraft:string":114,"minecraft:raw_copper":13,"minecraft:red_candle":28,"minecraft:diamond_leggings":1,"minecraft:cobbled_deepslate":1160,"minecraft:bucket":1,"minecraft:spruce_planks":2,"minecraft:trial_key":11,"minecraft:iron_pickaxe":1,"minecraft:furnace":5,"minecraft:tipped_arrow":13,"minecraft:stick":7,"minecraft:composter":1,"minecraft:torch":5,"minecraft:purpur_pillar":5,"minecraft:porkchop":8,"minecraft:waxed_copper_grate":3,"minecraft:diorite":45,"minecraft:waxed_cut_copper_stairs":2,"minecraft:honey_bottle":4,"minecraft:rotten_flesh":28,"minecraft:carved_pumpkin":14,"minecraft:blaze_rod":25,"minecraft:obsidian":12,"minecraft:snowball":144,"minecraft:cobblestone":631,"minecraft:pink_petals":6,"minecraft:lilac":2,"minecraft:andesite":66,"minecraft:flint":3,"minecraft:tuff":215,"minecraft:map":2,"minecraft:lapis_lazuli":43,"minecraft:dirt":115,"minecraft:bone":9,"minecraft:bow":2,"minecraft:wheat_seeds":37,"minecraft:rabbit":1,"minecraft:scrape_pottery_sherd":1,"minecraft:oak_planks":11,"minecraft:honeycomb":1,"minecraft:sand":5,"minecraft:jungle_planks":10,"minecraft:shulker_box":3,"minecraft:dark_oak_log":6,"minecraft:diamond":280,"minecraft:waxed_oxidized_copper_grate":7,"minecraft:granite":19,"minecraft:crossbow":1,"minecraft:breeze_rod":8,"minecraft:bone_meal":108,"minecraft:emerald":9,"minecraft:bread":35,"minecraft:oak_sapling":2,"minecraft:netherrack":425,"minecraft:chorus_fruit":32,"minecraft:end_stone_bricks":2,"minecraft:crafting_table":3,"minecraft:allium":1,"minecraft:nether_wart":23,"minecraft:leather_leggings":1,"minecraft:gold_block":2,"minecraft:brick":2,"minecraft:shield":1,"minecraft:wind_charge":13,"minecraft:oak_trapdoor":4,"minecraft:elytra":1,"minecraft:iron_axe":1,"minecraft:flint_and_steel":1,"minecraft:cracked_stone_bricks":2,"minecraft:beef":7,"minecraft:oak_boat":9,"minecraft:chest":7,"minecraft:sugar_cane":54,"minecraft:birch_sapling":1,"minecraft:raw_iron":19,"minecraft:sandstone":1,"minecraft:end_stone":499,"minecraft:carrot":5,"minecraft:redstone":126,"minecraft:arrow":17,"minecraft:diamond_chestplate":1,"minecraft:decorated_pot":1,"minecraft:jungle_stairs":2,"minecraft:nether_bricks":10,"minecraft:shears":1,"minecraft:diamond_boots":1,"minecraft:saddle":1,"minecraft:gold_ingot":29,"minecraft:tuff_bricks":50,"minecraft:mutton":6,"minecraft:white_wool":5,"minecraft:golden_carrot":65,"minecraft:tripwire_hook":4,"minecraft:leather":4,"minecraft:red_glazed_terracotta":1,"minecraft:jungle_fence":1,"minecraft:waxed_copper_bulb":1,"minecraft:oak_log":69,"minecraft:waxed_copper_block":5,"minecraft:yellow_bed":1,"minecraft:apple":3,"minecraft:stone_bricks":2,"minecraft:warped_stem":2,"minecraft:iron_ingot":22,"minecraft:cooked_chicken":1,"minecraft:glass_bottle":1,"minecraft:warped_fungus":3,"minecraft:pumpkin":5,"minecraft:waxed_exposed_copper_bulb":1,"minecraft:quartz":6,"minecraft:dandelion":7,"minecraft:gravel":33,"minecraft:spruce_sapling":13,"minecraft:spruce_log":15,"minecraft:spider_eye":7,"minecraft:polished_tuff":12,"minecraft:leather_helmet":3,"minecraft:pumpkin_seeds":56,"minecraft:slime_ball":1,"minecraft:diamond_axe":3,"minecraft:warped_roots":62,"minecraft:chiseled_tuff_bricks":1,"minecraft:warped_nylium":9,"minecraft:coal":37,"minecraft:sunflower":1,"minecraft:ender_pearl":22},"minecraft:killed":{"minecraft:spider":27,"minecraft:shulker":14,"minecraft:skeleton":3,"minecraft:silverfish":3,"minecraft:piglin":3,"minecraft:pig":3,"minecraft:iron_golem":1,"minecraft:sheep":5,"minecraft:zombie":17,"minecraft:stray":6,"minecraft:cow":3,"minecraft:blaze":50,"minecraft:slime":27,"minecraft:horse":1,"minecraft:breeze":4,"minecraft:wither_skeleton":3,"minecraft:enderman":46}},"DataVersion":3953}