{"stats":{"minecraft:broken":{"minecraft:wooden_pickaxe":1,"minecraft:stone_pickaxe":2,"minecraft:diamond_pickaxe":1,"minecraft:iron_pickaxe":1},"minecraft:mined":{"minecraft:tuff":229,"minecraft:deepslate_diamond_ore":143,"minecraft:dark_oak_log":7,"minecraft:granite":13,"minecraft:grass_block":13,"minecraft:decorated_pot":8,"minecraft:white_stained_glass":2,"minecraft:chiseled_tuff_bricks":3,"minecraft:tuff_bricks":51,"minecraft:redstone_ore":6,"minecraft:furnace":4,"minecraft:waxed_copper_grate":2,"minecraft:fire":1,"minecraft:iron_ore":17,"minecraft:cobbled_deepslate":7,"minecraft:polished_tuff":9,"minecraft:andesite":16,"minecraft:deepslate_lapis_ore":7,"minecraft:brown_bed":1,"minecraft:dirt_path":3,"minecraft:stone":279,"minecraft:tripwire":1,"minecraft:waxed_cut_copper_stairs":2,"minecraft:deepslate_redstone_ore":7,"minecraft:waxed_exposed_copper_bulb":1,"minecraft:dandelion":7,"minecraft:powder_snow":1,"minecraft:crafting_table":3,"minecraft:short_grass":139,"minecraft:tall_grass":19,"minecraft:copper_ore":3,"minecraft:deepslate_gold_ore":2,"minecraft:sugar_cane":1,"minecraft:oak_planks":1,"minecraft:diorite":20,"minecraft:waxed_copper_bulb":1,"minecraft:red_candle":1,"minecraft:waxed_oxidized_copper_grate":7,"minecraft:lilac":1,"minecraft:birch_leaves":1,"minecraft:waxed_copper_block":6,"minecraft:coal_ore":7,"minecraft:gravel":22,"minecraft:flower_pot":1,"minecraft:dirt":20,"minecraft:cobweb":5,"minecraft:oak_leaves":4,"minecraft:deepslate":1563},"minecraft:killed_by":{"minecraft:wolf":1,"minecraft:stray":4,"minecraft:spider":3,"minecraft:skeleton":2,"minecraft:zombie":4},"minecraft:custom":{"minecraft:mob_kills":88,"minecraft:interact_with_crafting_table":655,"minecraft:leave_game":6,"minecraft:time_since_death":10325,"minecraft:climb_one_cm":6433,"minecraft:sprint_one_cm":444816,"minecraft:walk_one_cm":260650,"minecraft:drop":109,"minecraft:play_time":121460,"minecraft:deaths":18,"minecraft:sneak_time":3154,"minecraft:walk_under_water_one_cm":15565,"minecraft:jump":2801,"minecraft:walk_on_water_one_cm":33193,"minecraft:total_world_time":121460,"minecraft:interact_with_furnace":8,"minecraft:sleep_in_bed":1,"minecraft:time_since_rest":10346,"minecraft:damage_taken":7855,"minecraft:damage_absorbed":40,"minecraft:damage_dealt":10707,"minecraft:player_kills":1,"minecraft:swim_one_cm":29318,"minecraft:fly_one_cm":466187,"minecraft:open_chest":18,"minecraft:crouch_one_cm":8012,"minecraft:fall_one_cm":134968,"minecraft:inspect_dispenser":10},"minecraft:used":{"minecraft:tuff_bricks":2,"minecraft:cooked_chicken":1,"minecraft:rotten_flesh":13,"minecraft:trial_key":5,"minecraft:dirt":21,"minecraft:mutton":6,"minecraft:obsidian":7,"minecraft:lava_bucket":4,"minecraft:iron_axe":198,"minecraft:birch_sapling":1,"minecraft:golden_carrot":9,"minecraft:beef":2,"minecraft:furnace":2,"minecraft:brown_bed":1,"minecraft:cobbled_deepslate":229,"minecraft:powder_snow_bucket":4,"minecraft:water_bucket":73,"minecraft:diamond_boots":1,"minecraft:rabbit":1,"minecraft:stone_pickaxe":387,"minecraft:wooden_pickaxe":40,"minecraft:diamond_axe":13,"minecraft:waxed_copper_block":3,"minecraft:golden_apple":1,"minecraft:crafting_table":5,"minecraft:diamond_pickaxe":1803,"minecraft:diamond_shovel":4,"minecraft:wind_charge":8,"minecraft:bread":35,"minecraft:string":6,"minecraft:iron_pickaxe":250,"minecraft:diamond_sword":199,"minecraft:cobblestone":66,"minecraft:porkchop":8,"minecraft:andesite":16,"minecraft:bucket":82},"minecraft:crafted":{"minecraft:diamond_shovel":1,"minecraft:diamond_helmet":1,"minecraft:diamond_leggings":1,"minecraft:stone_pickaxe":3,"minecraft:diamond_boots":1,"minecraft:dark_oak_planks":24,"minecraft:diamond_sword":1,"minecraft:diamond_axe":1,"minecraft:crafting_table":2,"minecraft:wooden_pickaxe":1,"minecraft:bucket":1,"minecraft:air":0,"minecraft:diamond_pickaxe":2,"minecraft:stick":20,"minecraft:iron_ingot":5,"minecraft:iron_pickaxe":1,"minecraft:diamond_chestplate":1},"minecraft:dropped":{"minecraft:iron_ingot":11,"minecraft:wheat_seeds":19,"minecraft:lapis_lazuli":43,"minecraft:lilac":2,"minecraft:diamond":49,"minecraft:decorated_pot":1,"minecraft:cobblestone":291,"minecraft:polished_tuff":12,"minecraft:honeycomb":1,"minecraft:granite":15,"minecraft:coal":5,"minecraft:leather_helmet":3,"minecraft:stick":3,"minecraft:flint":2,"minecraft:emerald":9,"minecraft:dirt":14,"minecraft:golden_carrot":128,"minecraft:diorite":32,"minecraft:scrape_pottery_sherd":1,"minecraft:music_disc_precipice":1,"minecraft:potion":2,"minecraft:iron_axe":1,"minecraft:string":17,"minecraft:white_wool":5,"minecraft:bucket":1,"minecraft:redstone":53,"minecraft:dandelion":7,"minecraft:bone":3,"minecraft:gravel":19,"minecraft:red_glazed_terracotta":1,"minecraft:tuff_bricks":42,"minecraft:sugar_cane":8,"minecraft:chiseled_tuff_bricks":1,"minecraft:cobbled_deepslate":738,"minecraft:raw_copper":13,"minecraft:tuff":156,"minecraft:raw_iron":6,"minecraft:rotten_flesh":11,"minecraft:oak_planks":3,"minecraft:carrot":1,"minecraft:wind_charge":6,"minecraft:diamond_sword":1,"minecraft:tipped_arrow":13,"minecraft:red_candle":28,"minecraft:andesite":16,"minecraft:oak_sapling":2,"minecraft:leather_leggings":1,"minecraft:breeze_rod":1,"minecraft:spider_eye":7,"minecraft:arrow":17,"minecraft:bow":1,"minecraft:waxed_oxidized_copper_grate":7,"minecraft:brick":2},"minecraft:picked_up":{"minecraft:crafting_table":3,"minecraft:leather_leggings":1,"minecraft:diamond_sword":1,"minecraft:brown_bed":1,"minecraft:potion":4,"minecraft:shield":1,"minecraft:brick":2,"minecraft:wind_charge":13,"minecraft:string":50,"minecraft:raw_copper":13,"minecraft:iron_axe":1,"minecraft:red_candle":28,"minecraft:cobbled_deepslate":1003,"minecraft:bucket":1,"minecraft:beef":2,"minecraft:trial_key":11,"minecraft:iron_pickaxe":1,"minecraft:sugar_cane":8,"minecraft:birch_sapling":1,"minecraft:furnace":4,"minecraft:tipped_arrow":13,"minecraft:stick":2,"minecraft:raw_iron":19,"minecraft:porkchop":8,"minecraft:waxed_copper_grate":3,"minecraft:diorite":32,"minecraft:carrot":1,"minecraft:redstone":106,"minecraft:waxed_cut_copper_stairs":2,"minecraft:honey_bottle":4,"minecraft:arrow":16,"minecraft:rotten_flesh":26,"minecraft:decorated_pot":1,"minecraft:tuff_bricks":50,"minecraft:obsidian":7,"minecraft:mutton":6,"minecraft:white_wool":5,"minecraft:cobblestone":397,"minecraft:lilac":2,"minecraft:golden_carrot":65,"minecraft:andesite":32,"minecraft:red_glazed_terracotta":1,"minecraft:waxed_copper_bulb":1,"minecraft:flint":2,"minecraft:tuff":155,"minecraft:waxed_copper_block":5,"minecraft:lapis_lazuli":43,"minecraft:dirt":35,"minecraft:bone":4,"minecraft:apple":2,"minecraft:bow":1,"minecraft:wheat_seeds":19,"minecraft:iron_ingot":16,"minecraft:cooked_chicken":1,"minecraft:rabbit":1,"minecraft:glass_bottle":1,"minecraft:honeycomb":1,"minecraft:oak_planks":5,"minecraft:scrape_pottery_sherd":1,"minecraft:waxed_exposed_copper_bulb":1,"minecraft:dandelion":7,"minecraft:gravel":19,"minecraft:dark_oak_log":6,"minecraft:polished_tuff":12,"minecraft:spider_eye":7,"minecraft:leather_helmet":3,"minecraft:slime_ball":1,"minecraft:diamond":138,"minecraft:waxed_oxidized_copper_grate":7,"minecraft:diamond_axe":1,"minecraft:granite":15,"minecraft:breeze_rod":8,"minecraft:emerald":9,"minecraft:bread":35,"minecraft:oak_sapling":2,"minecraft:chiseled_tuff_bricks":1,"minecraft:coal":9},"minecraft:killed":{"minecraft:spider":25,"minecraft:slime":27,"minecraft:pig":3,"minecraft:sheep":5,"minecraft:zombie":16,"minecraft:stray":6,"minecraft:breeze":4,"minecraft:cow":1}},"DataVersion":3953}