{"stats":{"minecraft:broken":{"minecraft:diamond_helmet":1,"minecraft:stone_pickaxe":2,"minecraft:diamond_boots":1,"minecraft:diamond_pickaxe":1,"minecraft:diamond_chestplate":1,"minecraft:diamond_leggings":1,"minecraft:wooden_pickaxe":1,"minecraft:shield":1,"minecraft:iron_pickaxe":1},"minecraft:mined":{"minecraft:spruce_planks":4,"minecraft:farmland":1,"minecraft:cobblestone_stairs":4,"minecraft:obsidian":5,"minecraft:carved_pumpkin":14,"minecraft:granite":17,"minecraft:grass_block":47,"minecraft:purpur_slab":1,"minecraft:chiseled_tuff_bricks":3,"minecraft:composter":1,"minecraft:nether_wart":20,"minecraft:tuff_bricks":51,"minecraft:tall_seagrass":2,"minecraft:iron_ore":17,"minecraft:cobbled_deepslate":7,"minecraft:fire":136,"minecraft:polished_tuff":9,"minecraft:pumpkin":5,"minecraft:deepslate_lapis_ore":8,"minecraft:brown_bed":1,"minecraft:water_cauldron":1,"minecraft:dirt_path":3,"minecraft:oak_stairs":1,"minecraft:end_stone_bricks":3,"minecraft:tripwire":1,"minecraft:waxed_cut_copper_stairs":2,"minecraft:deepslate_redstone_ore":7,"minecraft:brown_mushroom":1,"minecraft:purpur_stairs":1,"minecraft:powder_snow":1,"minecraft:torch":3,"minecraft:jungle_stairs":2,"minecraft:poppy":2,"minecraft:chest":7,"minecraft:glass":1,"minecraft:nether_quartz_ore":6,"minecraft:cobblestone":52,"minecraft:oak_planks":9,"minecraft:sugar_cane":114,"minecraft:iron_door":4,"minecraft:wall_torch":5,"minecraft:pink_petals":3,"minecraft:waxed_copper_bulb":1,"minecraft:red_candle":1,"minecraft:warped_nylium":28,"minecraft:lilac":1,"minecraft:waxed_copper_block":6,"minecraft:oak_log":69,"minecraft:sand":5,"minecraft:dirt":64,"minecraft:netherrack":353,"minecraft:oak_leaves":9,"minecraft:deepslate":2275,"minecraft:tuff":294,"minecraft:deepslate_diamond_ore":209,"minecraft:oak_door":1,"minecraft:dark_oak_log":7,"minecraft:end_stone":445,"minecraft:shulker_box":3,"minecraft:nether_bricks":13,"minecraft:decorated_pot":8,"minecraft:jungle_planks":10,"minecraft:white_stained_glass":2,"minecraft:spruce_leaves":4,"minecraft:cartography_table":1,"minecraft:sandstone":1,"minecraft:redstone_ore":6,"minecraft:oak_trapdoor":4,"minecraft:spruce_sapling":1,"minecraft:furnace":5,"minecraft:carrots":2,"minecraft:waxed_copper_grate":2,"minecraft:nether_sprouts":12,"minecraft:snow":151,"minecraft:andesite":51,"minecraft:gold_block":2,"minecraft:nether_brick_fence":2,"minecraft:bookshelf":27,"minecraft:rail":2,"minecraft:warped_stem":2,"minecraft:stripped_oak_log":1,"minecraft:chorus_plant":1,"minecraft:stone":433,"minecraft:bone_block":3,"minecraft:waxed_exposed_copper_bulb":1,"minecraft:glass_pane":1,"minecraft:infested_stone_bricks":1,"minecraft:dandelion":9,"minecraft:crafting_table":3,"minecraft:short_grass":379,"minecraft:warped_roots":56,"minecraft:copper_ore":3,"minecraft:purpur_pillar":7,"minecraft:tall_grass":71,"minecraft:deepslate_gold_ore":2,"minecraft:diorite":33,"minecraft:waxed_oxidized_copper_grate":7,"minecraft:ice":5,"minecraft:spruce_log":15,"minecraft:birch_leaves":1,"minecraft:jungle_fence":1,"minecraft:yellow_bed":1,"minecraft:coal_ore":12,"minecraft:flower_pot":1,"minecraft:end_rod":1,"minecraft:sunflower":4,"minecraft:gravel":71,"minecraft:cobweb":5,"minecraft:cracked_stone_bricks":2,"minecraft:stone_bricks":5,"minecraft:mossy_stone_bricks":4,"minecraft:fern":5},"minecraft:killed_by":{"minecraft:zombified_piglin":1,"minecraft:creeper":1,"minecraft:piglin":2,"minecraft:zombie":4,"minecraft:player":2,"minecraft:wolf":1,"minecraft:stray":4,"minecraft:spider":3,"minecraft:enderman":12,"minecraft:ender_dragon":1,"minecraft:skeleton":2},"minecraft:custom":{"minecraft:interact_with_crafting_table":699,"minecraft:open_shulker_box":17,"minecraft:leave_game":56,"minecraft:time_since_death":3264,"minecraft:sprint_one_cm":1516009,"minecraft:damage_blocked_by_shield":2165,"minecraft:drop":238,"minecraft:talked_to_villager":5345,"minecraft:play_time":468345,"minecraft:deaths":50,"minecraft:jump":9852,"minecraft:interact_with_brewingstand":1,"minecraft:walk_on_water_one_cm":198072,"minecraft:interact_with_furnace":9,"minecraft:sleep_in_bed":7,"minecraft:damage_dealt":50299,"minecraft:player_kills":3,"minecraft:crouch_one_cm":39610,"minecraft:inspect_dispenser":12,"minecraft:interact_with_anvil":2,"minecraft:mob_kills":242,"minecraft:climb_one_cm":13845,"minecraft:walk_one_cm":947701,"minecraft:sneak_time":17548,"minecraft:walk_under_water_one_cm":67296,"minecraft:boat_one_cm":89745,"minecraft:total_world_time":468345,"minecraft:time_since_rest":3292,"minecraft:damage_taken":32269,"minecraft:damage_absorbed":40,"minecraft:minecart_one_cm":50,"minecraft:swim_one_cm":94093,"minecraft:fly_one_cm":3525428,"minecraft:open_chest":138,"minecraft:aviate_one_cm":141738,"minecraft:fall_one_cm":354689},"minecraft:used":{"minecraft:tuff_bricks":2,"minecraft:iron_shovel":159,"minecraft:dispenser":3,"minecraft:diamond_hoe":269,"minecraft:shield":37,"minecraft:farmland":12,"minecraft:rotten_flesh":13,"minecraft:mutton":6,"minecraft:carrot":263,"minecraft:waxed_copper_grate":3,"minecraft:obsidian":8,"minecraft:spruce_boat":3,"minecraft:glass":79,"minecraft:lava_bucket":77,"minecraft:villager_spawn_egg":3898,"minecraft:grass_block":4,"minecraft:birch_sapling":1,"minecraft:bow":1,"minecraft:warped_fungus":1,"minecraft:furnace":4,"minecraft:diamond_boots":1,"minecraft:chorus_fruit":3,"minecraft:stone_pickaxe":388,"minecraft:powered_rail":40,"minecraft:oak_planks":26,"minecraft:ender_pearl":107,"minecraft:wooden_pickaxe":40,"minecraft:composter":5,"minecraft:diamond_axe":342,"minecraft:sugar_cane":66,"minecraft:golden_apple":1,"minecraft:white_wool":135,"minecraft:end_stone":123,"minecraft:shears":15,"minecraft:redstone_torch":7,"minecraft:lever":1,"minecraft:firework_rocket":3,"minecraft:bread":35,"minecraft:string":8,"minecraft:gravel":17,"minecraft:diamond_sword":671,"minecraft:andesite":36,"minecraft:oak_boat":14,"minecraft:bone_meal":37,"minecraft:oak_fence":15,"minecraft:oak_trapdoor":16,"minecraft:flint_and_steel":1,"minecraft:carved_pumpkin":2,"minecraft:spruce_planks":25,"minecraft:trial_key":5,"minecraft:cooked_chicken":1,"minecraft:netherrack":303,"minecraft:torch":2,"minecraft:dirt":237,"minecraft:shulker_box":3,"minecraft:bookshelf":69,"minecraft:iron_axe":223,"minecraft:oak_stairs":1,"minecraft:tripwire_hook":2,"minecraft:golden_carrot":167,"minecraft:beef":2,"minecraft:minecart":2,"minecraft:cobbled_deepslate":229,"minecraft:pumpkin":5,"minecraft:powder_snow_bucket":4,"minecraft:brown_bed":1,"minecraft:water_bucket":266,"minecraft:rabbit":1,"minecraft:cobblestone_stairs":2,"minecraft:snow_block":4,"minecraft:glass_bottle":1,"minecraft:fletching_table":1,"minecraft:waxed_copper_block":3,"minecraft:warped_roots":49,"minecraft:rail":91,"minecraft:crafting_table":5,"minecraft:white_bed":8,"minecraft:ender_eye":41,"minecraft:diamond_pickaxe":3898,"minecraft:diamond_shovel":164,"minecraft:wind_charge":21,"minecraft:oak_button":2,"minecraft:iron_pickaxe":250,"minecraft:map":1,"minecraft:spruce_sapling":12,"minecraft:fishing_rod":4,"minecraft:potion":2,"minecraft:cobblestone":152,"minecraft:porkchop":8,"minecraft:bucket":342,"minecraft:yellow_bed":1},"minecraft:dropped":{"minecraft:diamond_axe":2,"minecraft:lapis_lazuli":43,"minecraft:chorus_fruit":29,"minecraft:ender_pearl":98,"minecraft:diamond":114,"minecraft:decorated_pot":1,"minecraft:jungle_fence":1,"minecraft:warped_roots":10,"minecraft:leather":4,"minecraft:honeycomb":1,"minecraft:jungle_planks":10,"minecraft:cracked_stone_bricks":1,"minecraft:saddle":2,"minecraft:leather_helmet":3,"minecraft:flint":2,"minecraft:emerald":9,"minecraft:dirt":46,"minecraft:scrape_pottery_sherd":1,"minecraft:music_disc_precipice":1,"minecraft:snowball":7,"minecraft:sunflower":1,"minecraft:bone_meal":50,"minecraft:bone_block":1,"minecraft:dark_oak_planks":5,"minecraft:white_wool":55,"minecraft:bone":8,"minecraft:gravel":19,"minecraft:red_glazed_terracotta":1,"minecraft:sugar_cane":8,"minecraft:chiseled_tuff_bricks":1,"minecraft:cobbled_deepslate":934,"minecraft:obsidian":4,"minecraft:rotten_flesh":16,"minecraft:oak_planks":44,"minecraft:diamond_shovel":1,"minecraft:end_stone":92,"minecraft:nether_brick_fence":2,"minecraft:carrot":551,"minecraft:wind_charge":6,"minecraft:shulker_shell":3,"minecraft:tipped_arrow":13,"minecraft:red_candle":28,"minecraft:jungle_stairs":2,"minecraft:hopper":4,"minecraft:chest":1,"minecraft:leather_leggings":1,"minecraft:breeze_rod":1,"minecraft:arrow":18,"minecraft:end_stone_bricks":1,"minecraft:beef":5,"minecraft:netherrack":121,"minecraft:iron_ingot":13,"minecraft:wheat_seeds":34,"minecraft:lilac":2,"minecraft:golden_horse_armor":1,"minecraft:bookshelf":6,"minecraft:diamond_leggings":1,"minecraft:book":48,"minecraft:cobblestone":434,"minecraft:lead":1,"minecraft:polished_tuff":12,"minecraft:granite":19,"minecraft:coal":9,"minecraft:stick":5,"minecraft:diorite":45,"minecraft:golden_carrot":129,"minecraft:torch":1,"minecraft:waxed_copper_bulb":1,"minecraft:map":2,"minecraft:diamond_helmet":1,"minecraft:potion":2,"minecraft:iron_leggings":1,"minecraft:iron_axe":2,"minecraft:string":46,"minecraft:pink_petals":4,"minecraft:bucket":2,"minecraft:dandelion":7,"minecraft:redstone":53,"minecraft:tuff_bricks":48,"minecraft:warped_nylium":1,"minecraft:oak_trapdoor":1,"minecraft:raw_copper":13,"minecraft:tuff":216,"minecraft:raw_iron":7,"minecraft:nether_bricks":10,"minecraft:shears":1,"minecraft:filled_map":2,"minecraft:diamond_sword":1,"minecraft:spruce_boat":1,"minecraft:oak_button":1,"minecraft:allium":1,"minecraft:diamond_chestplate":3,"minecraft:spruce_planks":1,"minecraft:diamond_pickaxe":1,"minecraft:andesite":30,"minecraft:oak_boat":1,"minecraft:oak_sapling":2,"minecraft:spider_eye":7,"minecraft:stone_bricks":2,"minecraft:diamond_boots":1,"minecraft:slime_ball":1,"minecraft:bow":2,"minecraft:waxed_exposed_copper_bulb":1,"minecraft:waxed_oxidized_copper_grate":7,"minecraft:brick":2},"minecraft:crafted":{"minecraft:oak_planks":276,"minecraft:blaze_powder":50,"minecraft:lever":1,"minecraft:diamond_shovel":1,"minecraft:shulker_box":1,"minecraft:hopper":4,"minecraft:diamond_helmet":2,"minecraft:diamond_leggings":2,"minecraft:chest":3,"minecraft:ender_eye":12,"minecraft:oak_fence":15,"minecraft:oak_slab":30,"minecraft:diamond_axe":1,"minecraft:crafting_table":2,"minecraft:spruce_planks":60,"minecraft:wooden_pickaxe":1,"minecraft:fletching_table":1,"minecraft:diamond_pickaxe":2,"minecraft:stick":52,"minecraft:iron_ingot":5,"minecraft:iron_pickaxe":1,"minecraft:snow_block":26,"minecraft:redstone_torch":12,"minecraft:composter":4,"minecraft:shears":1,"minecraft:fishing_rod":1,"minecraft:diamond_hoe":1,"minecraft:wind_charge":56,"minecraft:flint_and_steel":1,"minecraft:slime_ball":9,"minecraft:stone_pickaxe":3,"minecraft:diamond_boots":2,"minecraft:spruce_boat":1,"minecraft:dark_oak_planks":24,"minecraft:lead":2,"minecraft:diamond_sword":1,"minecraft:bucket":2,"minecraft:air":0,"minecraft:oak_boat":12,"minecraft:white_wool":336,"minecraft:white_bed":4,"minecraft:diamond_chestplate":2,"minecraft:firework_rocket":3},"minecraft:picked_up":{"minecraft:shulker_shell":11,"minecraft:nether_brick_fence":2,"minecraft:lead":16,"minecraft:diamond_sword":1,"minecraft:oak_stairs":1,"minecraft:brown_bed":1,"minecraft:potion":4,"minecraft:string":1435,"minecraft:raw_copper":13,"minecraft:red_candle":28,"minecraft:diamond_leggings":1,"minecraft:cobbled_deepslate":1160,"minecraft:bucket":2,"minecraft:spruce_planks":4,"minecraft:trial_key":11,"minecraft:iron_pickaxe":1,"minecraft:furnace":5,"minecraft:tipped_arrow":13,"minecraft:stick":7,"minecraft:composter":1,"minecraft:torch":7,"minecraft:purpur_pillar":5,"minecraft:porkchop":8,"minecraft:waxed_copper_grate":3,"minecraft:diorite":45,"minecraft:cauldron":1,"minecraft:waxed_cut_copper_stairs":2,"minecraft:honey_bottle":4,"minecraft:rotten_flesh":31,"minecraft:carved_pumpkin":14,"minecraft:bookshelf":72,"minecraft:blaze_rod":25,"minecraft:obsidian":12,"minecraft:snowball":144,"minecraft:cobblestone":632,"minecraft:pink_petals":6,"minecraft:lilac":2,"minecraft:andesite":66,"minecraft:flint":5,"minecraft:tuff":215,"minecraft:map":2,"minecraft:lapis_lazuli":43,"minecraft:dirt":118,"minecraft:name_tag":1,"minecraft:glass":8,"minecraft:bone":9,"minecraft:bow":2,"minecraft:wheat_seeds":41,"minecraft:rabbit":1,"minecraft:scrape_pottery_sherd":1,"minecraft:oak_planks":17,"minecraft:honeycomb":1,"minecraft:sand":5,"minecraft:jungle_planks":10,"minecraft:shulker_box":3,"minecraft:dark_oak_log":6,"minecraft:diamond":280,"minecraft:spruce_boat":2,"minecraft:waxed_oxidized_copper_grate":7,"minecraft:granite":19,"minecraft:crossbow":1,"minecraft:breeze_rod":8,"minecraft:bone_meal":108,"minecraft:emerald":9,"minecraft:bread":35,"minecraft:oak_sapling":2,"minecraft:netherrack":425,"minecraft:chorus_fruit":32,"minecraft:end_stone_bricks":2,"minecraft:crafting_table":3,"minecraft:allium":1,"minecraft:nether_wart":23,"minecraft:leather_leggings":1,"minecraft:gold_block":2,"minecraft:brick":2,"minecraft:shield":1,"minecraft:wind_charge":13,"minecraft:oak_trapdoor":5,"minecraft:elytra":1,"minecraft:iron_axe":1,"minecraft:flint_and_steel":1,"minecraft:cracked_stone_bricks":2,"minecraft:cartography_table":1,"minecraft:beef":7,"minecraft:oak_boat":10,"minecraft:poppy":2,"minecraft:minecart":3,"minecraft:sugar_cane":234,"minecraft:chest":7,"minecraft:birch_sapling":1,"minecraft:raw_iron":19,"minecraft:sandstone":1,"minecraft:end_stone":499,"minecraft:carrot":62,"minecraft:redstone":126,"minecraft:arrow":17,"minecraft:diamond_chestplate":1,"minecraft:decorated_pot":1,"minecraft:jungle_stairs":2,"minecraft:nether_bricks":10,"minecraft:shears":1,"minecraft:diamond_boots":1,"minecraft:saddle":1,"minecraft:gold_ingot":29,"minecraft:tuff_bricks":50,"minecraft:bone_block":2,"minecraft:mutton":6,"minecraft:rail":2,"minecraft:white_wool":5,"minecraft:golden_carrot":65,"minecraft:tripwire_hook":4,"minecraft:leather":4,"minecraft:red_glazed_terracotta":1,"minecraft:jungle_fence":1,"minecraft:waxed_copper_bulb":1,"minecraft:oak_log":69,"minecraft:waxed_copper_block":5,"minecraft:yellow_bed":1,"minecraft:cobblestone_stairs":4,"minecraft:paper":3,"minecraft:apple":3,"minecraft:stone_bricks":2,"minecraft:warped_stem":2,"minecraft:iron_ingot":22,"minecraft:cooked_chicken":1,"minecraft:glass_bottle":1,"minecraft:book":111,"minecraft:warped_fungus":3,"minecraft:pumpkin":5,"minecraft:waxed_exposed_copper_bulb":1,"minecraft:quartz":6,"minecraft:dandelion":9,"minecraft:gravel":55,"minecraft:spruce_sapling":13,"minecraft:spruce_log":15,"minecraft:spider_eye":7,"minecraft:polished_tuff":12,"minecraft:leather_helmet":3,"minecraft:diamond_shovel":1,"minecraft:pumpkin_seeds":56,"minecraft:slime_ball":1,"minecraft:diamond_axe":3,"minecraft:warped_roots":64,"minecraft:oak_button":1,"minecraft:chiseled_tuff_bricks":1,"minecraft:warped_nylium":9,"minecraft:coal":37,"minecraft:sunflower":1,"minecraft:ender_pearl":22},"minecraft:killed":{"minecraft:zombified_piglin":3,"minecraft:spider":27,"minecraft:shulker":14,"minecraft:skeleton":3,"minecraft:silverfish":3,"minecraft:piglin":3,"minecraft:pig":4,"minecraft:iron_golem":1,"minecraft:sheep":5,"minecraft:zombie":21,"minecraft:stray":6,"minecraft:blaze":50,"minecraft:cow":3,"minecraft:slime":27,"minecraft:horse":3,"minecraft:breeze":4,"minecraft:wither_skeleton":3,"minecraft:villager":14,"minecraft:enderman":46}},"DataVersion":3953}