{"stats":{"minecraft:broken":{"minecraft:diamond_helmet":2,"minecraft:diamond_boots":1,"minecraft:shield":1},"minecraft:mined":{"minecraft:spruce_planks":48,"minecraft:white_bed":5,"minecraft:granite":13,"minecraft:chiseled_polished_blackstone":1,"minecraft:grass_block":365,"minecraft:cracked_polished_blackstone_bricks":45,"minecraft:composter":4,"minecraft:oak_wall_sign":3,"minecraft:tuff_bricks":1,"minecraft:spawner":1,"minecraft:polished_blackstone_bricks":120,"minecraft:magma_block":63,"minecraft:iron_ore":38,"minecraft:fire":140,"minecraft:cobbled_deepslate":2,"minecraft:polished_tuff":1,"minecraft:fletching_table":13,"minecraft:azure_bluet":1,"minecraft:enchanting_table":2,"minecraft:water_cauldron":6,"minecraft:dirt_path":5,"minecraft:oak_stairs":2,"minecraft:iron_bars":3,"minecraft:polished_tuff_slab":2,"minecraft:end_stone_bricks":3,"minecraft:tripwire":5,"minecraft:blackstone":114,"minecraft:crimson_nylium":1,"minecraft:powder_snow":6,"minecraft:torch":1,"minecraft:chest":1,"minecraft:glass":5,"minecraft:cobblestone":32,"minecraft:nether_quartz_ore":305,"minecraft:damaged_anvil":2,"minecraft:oak_planks":240,"minecraft:sugar_cane":1866,"minecraft:grindstone":2,"minecraft:iron_door":3,"minecraft:wall_torch":5,"minecraft:waxed_copper_bulb":1,"minecraft:red_candle":4,"minecraft:warped_nylium":2,"minecraft:birch_log":121,"minecraft:waxed_copper_block":1,"minecraft:warped_fungus":2,"minecraft:purpur_block":5,"minecraft:oak_log":840,"minecraft:sand":4,"minecraft:dirt":390,"minecraft:tripwire_hook":4,"minecraft:ancient_debris":6,"minecraft:netherrack":4840,"minecraft:oak_leaves":96,"minecraft:deepslate":59,"minecraft:nether_gold_ore":19,"minecraft:oak_door":1,"minecraft:dark_oak_log":9,"minecraft:end_stone":1093,"minecraft:shulker_box":131,"minecraft:nether_bricks":1,"minecraft:decorated_pot":26,"minecraft:jungle_planks":2,"minecraft:spruce_leaves":683,"minecraft:cartography_table":3,"minecraft:hay_block":33,"minecraft:redstone_ore":4,"minecraft:oak_trapdoor":12,"minecraft:spruce_sapling":2,"minecraft:furnace":2,"minecraft:carrots":218,"minecraft:waxed_copper_grate":5,"minecraft:andesite":102,"minecraft:gold_block":19,"minecraft:bookshelf":36,"minecraft:deepslate_iron_ore":1,"minecraft:warped_stem":6,"minecraft:packed_ice":8,"minecraft:waxed_weathered_copper_bulb":1,"minecraft:white_tulip":1,"minecraft:stone":1219,"minecraft:bone_block":34,"minecraft:white_wool":3,"minecraft:podzol":6,"minecraft:oak_slab":5,"minecraft:magenta_stained_glass":2,"minecraft:basalt":11,"minecraft:crafting_table":12,"minecraft:short_grass":84,"minecraft:blackstone_slab":2,"minecraft:lectern":95,"minecraft:copper_ore":8,"minecraft:purpur_pillar":2,"minecraft:tall_grass":4,"minecraft:red_glazed_terracotta":2,"minecraft:lapis_ore":10,"minecraft:diorite":30,"minecraft:waxed_oxidized_copper_grate":4,"minecraft:spruce_log":1464,"minecraft:birch_leaves":3,"minecraft:yellow_bed":22,"minecraft:coal_ore":104,"minecraft:end_rod":3,"minecraft:gravel":24,"minecraft:cobweb":18,"minecraft:cracked_stone_bricks":1,"minecraft:oak_button":3,"minecraft:stone_bricks":4,"minecraft:mossy_stone_bricks":1,"minecraft:chipped_anvil":1},"minecraft:killed_by":{"minecraft:zombified_piglin":1,"minecraft:pillager":1,"minecraft:zombie":5,"minecraft:player":3,"minecraft:stray":2,"minecraft:enderman":4,"minecraft:ender_dragon":3,"minecraft:shulker":4,"minecraft:skeleton":2},"minecraft:custom":{"minecraft:interact_with_crafting_table":111,"minecraft:open_barrel":24,"minecraft:open_shulker_box":351,"minecraft:leave_game":21,"minecraft:time_since_death":76878,"minecraft:sprint_one_cm":2446063,"minecraft:damage_blocked_by_shield":3695,"minecraft:drop":6386,"minecraft:talked_to_villager":215,"minecraft:play_time":792958,"minecraft:deaths":49,"minecraft:jump":11967,"minecraft:interact_with_brewingstand":1,"minecraft:walk_on_water_one_cm":144498,"minecraft:enchant_item":14,"minecraft:interact_with_furnace":26,"minecraft:traded_with_villager":311,"minecraft:sleep_in_bed":36,"minecraft:damage_dealt":44659,"minecraft:player_kills":2,"minecraft:crouch_one_cm":118333,"minecraft:inspect_dispenser":30,"minecraft:interact_with_anvil":21,"minecraft:mob_kills":241,"minecraft:climb_one_cm":6688,"minecraft:walk_one_cm":2236353,"minecraft:sneak_time":27758,"minecraft:walk_under_water_one_cm":63199,"minecraft:boat_one_cm":86294,"minecraft:total_world_time":792958,"minecraft:interact_with_grindstone":10,"minecraft:time_since_rest":7159,"minecraft:damage_absorbed":22,"minecraft:damage_taken":25968,"minecraft:swim_one_cm":24509,"minecraft:fly_one_cm":2391856,"minecraft:open_chest":178,"minecraft:aviate_one_cm":1084842,"minecraft:fall_one_cm":381277},"minecraft:used":{"minecraft:tuff_bricks":1,"minecraft:elytra":39,"minecraft:ladder":2,"minecraft:poppy":7,"minecraft:bone_block":67,"minecraft:oak_sign":9,"minecraft:decorated_pot":1,"minecraft:chest":20,"minecraft:shield":55,"minecraft:carrot":266,"minecraft:obsidian":2,"minecraft:glass":16,"minecraft:lava_bucket":20,"minecraft:waxed_oxidized_copper_grate":2,"minecraft:lantern":12,"minecraft:stone_bricks":3,"minecraft:bow":110,"minecraft:warped_fungus":2,"minecraft:hay_block":3,"minecraft:ominous_bottle":1,"minecraft:oak_sapling":3,"minecraft:furnace":2,"minecraft:gold_block":2,"minecraft:egg":1,"minecraft:damaged_anvil":1,"minecraft:leather_leggings":1,"minecraft:mossy_stone_bricks":5,"minecraft:diorite":5,"minecraft:diamond_boots":1,"minecraft:oak_planks":1656,"minecraft:blackstone":56,"minecraft:ender_pearl":104,"minecraft:composter":2,"minecraft:diamond_axe":3692,"minecraft:sugar_cane":21,"minecraft:jungle_boat":1,"minecraft:golden_apple":1,"minecraft:end_stone":979,"minecraft:polished_tuff":1,"minecraft:firework_rocket":8,"minecraft:string":15,"minecraft:bread":70,"minecraft:lectern":105,"minecraft:gravel":10,"minecraft:chiseled_tuff_bricks":1,"minecraft:diamond_sword":746,"minecraft:grindstone":1,"minecraft:andesite":53,"minecraft:purpur_block":2,"minecraft:oak_trapdoor":14,"minecraft:iron_bars":3,"minecraft:enchanting_table":2,"minecraft:flint_and_steel":10,"minecraft:spruce_planks":228,"minecraft:trial_key":6,"minecraft:netherrack":705,"minecraft:oak_door":3,"minecraft:dirt":530,"minecraft:torch":90,"minecraft:anvil":1,"minecraft:diamond_helmet":2,"minecraft:shulker_box":132,"minecraft:chipped_anvil":1,"minecraft:bookshelf":97,"minecraft:oak_stairs":24,"minecraft:diamond_chestplate":38,"minecraft:tripwire_hook":4,"minecraft:basalt":6,"minecraft:golden_carrot":97,"minecraft:cooked_beef":27,"minecraft:cobbled_deepslate":87,"minecraft:water_bucket":671,"minecraft:cartography_table":3,"minecraft:fletching_table":13,"minecraft:cracked_stone_bricks":1,"minecraft:waxed_copper_block":1,"minecraft:polished_blackstone_bricks":107,"minecraft:oak_slab":6,"minecraft:crafting_table":18,"minecraft:white_bed":4,"minecraft:spruce_log":34,"minecraft:oak_log":9,"minecraft:ender_eye":4,"minecraft:flower_pot":1,"minecraft:diamond_pickaxe":8552,"minecraft:diamond_shovel":694,"minecraft:wind_charge":8,"minecraft:cracked_polished_blackstone_bricks":43,"minecraft:oak_button":6,"minecraft:iron_pickaxe":26,"minecraft:leather_helmet":1,"minecraft:spruce_sapling":129,"minecraft:cobblestone":156,"minecraft:potion":3,"minecraft:bucket":692,"minecraft:diamond_leggings":1,"minecraft:yellow_bed":21},"minecraft:crafted":{"minecraft:oak_planks":3305,"minecraft:cobblestone_slab":1088,"minecraft:oak_sign":6,"minecraft:diamond_shovel":1,"minecraft:bookshelf":37,"minecraft:shulker_box":6,"minecraft:glass":28,"minecraft:hopper":4,"minecraft:diamond_helmet":2,"minecraft:diamond_leggings":2,"minecraft:chest":32,"minecraft:oak_button":2,"minecraft:ender_eye":3,"minecraft:oak_slab":6,"minecraft:arrow":128,"minecraft:emerald":262,"minecraft:diamond_axe":1,"minecraft:crafting_table":11,"minecraft:spruce_planks":2876,"minecraft:jungle_boat":1,"minecraft:fletching_table":1,"minecraft:birch_planks":448,"minecraft:lectern":2,"minecraft:book":29,"minecraft:paper":3477,"minecraft:diamond_pickaxe":2,"minecraft:shield":2,"minecraft:stick":2452,"minecraft:iron_pickaxe":1,"minecraft:compass":4,"minecraft:iron_ingot":64,"minecraft:iron_block":3,"minecraft:shears":1,"minecraft:oak_door":3,"minecraft:tripwire_hook":4,"minecraft:furnace":1,"minecraft:bone_meal":108,"minecraft:oak_trapdoor":466,"minecraft:flint_and_steel":1,"minecraft:lantern":12,"minecraft:ladder":66,"minecraft:spruce_slab":6,"minecraft:diamond_boots":1,"minecraft:dark_oak_planks":40,"minecraft:wheat":261,"minecraft:cooked_beef":37,"minecraft:diamond_sword":1,"minecraft:enchanting_table":1,"minecraft:bucket":1,"minecraft:enchanted_book":18,"minecraft:bread":87,"minecraft:air":0,"minecraft:oak_boat":1,"minecraft:birch_trapdoor":116,"minecraft:oak_stairs":32,"minecraft:anvil":1,"minecraft:torch":96,"minecraft:firework_rocket":12,"minecraft:diamond_chestplate":1},"minecraft:dropped":{"minecraft:guster_pottery_sherd":2,"minecraft:warped_stem":6,"minecraft:diamond_axe":1,"minecraft:cooked_beef":13,"minecraft:chorus_fruit":46,"minecraft:glass_bottle":4,"minecraft:crafting_table":1,"minecraft:lantern":1,"minecraft:honeycomb":11,"minecraft:jungle_planks":3,"minecraft:cracked_stone_bricks":1,"minecraft:saddle":2,"minecraft:leather_helmet":4,"minecraft:flint":1,"minecraft:emerald":5,"minecraft:dirt":49,"minecraft:stone_button":2,"minecraft:cornflower":1,"minecraft:scrape_pottery_sherd":1,"minecraft:snowball":7,"minecraft:bone_meal":208,"minecraft:sunflower":8,"minecraft:iron_pickaxe":3,"minecraft:birch_log":8,"minecraft:white_wool":3,"minecraft:bone":12,"minecraft:oak_door":2,"minecraft:chiseled_polished_blackstone":1,"minecraft:purpur_block":5,"minecraft:compass":8,"minecraft:sugar_cane":71,"minecraft:ancient_debris":1,"minecraft:cooked_chicken":4,"minecraft:cobbled_deepslate":44,"minecraft:birch_sapling":4,"minecraft:obsidian":11,"minecraft:pointed_dripstone":2,"minecraft:rotten_flesh":24,"minecraft:oak_planks":70,"minecraft:diamond_shovel":2,"minecraft:end_stone":43,"minecraft:azure_bluet":8,"minecraft:honey_bottle":1,"minecraft:carrot":17,"minecraft:poppy":10,"minecraft:tipped_arrow":20,"minecraft:gunpowder":2,"minecraft:red_candle":4,"minecraft:beetroot_seeds":5,"minecraft:lingering_potion":4,"minecraft:ladder":2,"minecraft:leather_leggings":3,"minecraft:spruce_slab":2,"minecraft:blackstone_slab":2,"minecraft:arrow":14,"minecraft:end_stone_bricks":4,"minecraft:glass":12,"minecraft:beef":45,"minecraft:quartz":62,"minecraft:netherrack":291,"minecraft:enchanted_book":4,"minecraft:iron_ingot":2,"minecraft:bread":37,"minecraft:oak_slab":1,"minecraft:wheat_seeds":39,"minecraft:minecart":1,"minecraft:dripstone_block":1,"minecraft:bookshelf":773,"minecraft:diamond_leggings":3,"minecraft:feather":1,"minecraft:cobblestone":427,"minecraft:book":11,"minecraft:waxed_copper_grate":2,"minecraft:polished_tuff":1,"minecraft:apple":21,"minecraft:granite":10,"minecraft:coal":24,"minecraft:golden_apple":1,"minecraft:end_rod":4,"minecraft:stick":300,"minecraft:diorite":28,"minecraft:golden_carrot":7,"minecraft:torch":1,"minecraft:waxed_weathered_copper_bulb":1,"minecraft:lodestone":1,"minecraft:iron_door":6,"minecraft:potion":5,"minecraft:oak_stairs":11,"minecraft:iron_axe":1,"minecraft:jungle_boat":2,"minecraft:paper":21,"minecraft:string":3827,"minecraft:tripwire_hook":4,"minecraft:bucket":2,"minecraft:spruce_sapling":7,"minecraft:dandelion":18,"minecraft:redstone":20,"minecraft:purpur_pillar":2,"minecraft:tuff_bricks":6,"minecraft:oak_trapdoor":129,"minecraft:warped_nylium":1,"minecraft:flow_pottery_sherd":2,"minecraft:raw_copper":107,"minecraft:polished_tuff_slab":2,"minecraft:tuff":104,"minecraft:raw_iron":50,"minecraft:composter":3,"minecraft:chicken":3,"minecraft:iron_boots":1,"minecraft:nether_bricks":1,"minecraft:shears":1,"minecraft:filled_map":1,"minecraft:diamond_sword":3,"minecraft:cobblestone_slab":187,"minecraft:oak_button":1,"minecraft:trial_key":9,"minecraft:allium":1,"minecraft:diamond_chestplate":3,"minecraft:spruce_planks":220,"minecraft:iron_chestplate":2,"minecraft:diamond_pickaxe":1,"minecraft:andesite":51,"minecraft:oak_boat":2,"minecraft:oak_sapling":84,"minecraft:golden_sword":1,"minecraft:spider_eye":18,"minecraft:stone_bricks":3,"minecraft:diamond_boots":1,"minecraft:spruce_log":30,"minecraft:bow":1,"minecraft:magma_block":19,"minecraft:waxed_oxidized_copper_grate":10,"minecraft:brick":75},"minecraft:picked_up":{"minecraft:iron_chestplate":2,"minecraft:flower_pot":1,"minecraft:lead":9,"minecraft:diamond_sword":2,"minecraft:oak_stairs":3,"minecraft:potion":7,"minecraft:enchanted_book":3,"minecraft:golden_sword":1,"minecraft:string":5558,"minecraft:raw_copper":107,"minecraft:red_candle":4,"minecraft:oak_sign":3,"minecraft:diamond_leggings":1,"minecraft:cobbled_deepslate":131,"minecraft:bucket":1,"minecraft:spruce_planks":44,"minecraft:trial_key":19,"minecraft:cobblestone_slab":790,"minecraft:ender_eye":3,"minecraft:iron_pickaxe":2,"minecraft:furnace":2,"minecraft:tipped_arrow":20,"minecraft:stick":298,"minecraft:composter":6,"minecraft:birch_trapdoor":64,"minecraft:torch":27,"minecraft:purpur_pillar":2,"minecraft:waxed_weathered_copper_bulb":1,"minecraft:waxed_copper_grate":2,"minecraft:pointed_dripstone":2,"minecraft:diorite":33,"minecraft:rotten_flesh":24,"minecraft:bookshelf":384,"minecraft:end_rod":4,"minecraft:obsidian":4,"minecraft:iron_bars":3,"minecraft:snowball":7,"minecraft:cobblestone":1840,"minecraft:birch_log":120,"minecraft:enchanting_table":2,"minecraft:magma_block":19,"minecraft:feather":1,"minecraft:cooked_beef":3,"minecraft:iron_door":6,"minecraft:andesite":104,"minecraft:flint":4,"minecraft:tuff":60,"minecraft:lapis_lazuli":111,"minecraft:dirt":855,"minecraft:lantern":1,"minecraft:bone":48,"minecraft:chipped_anvil":1,"minecraft:bow":2,"minecraft:wheat_seeds":43,"minecraft:grindstone":2,"minecraft:mossy_stone_bricks":5,"minecraft:fletching_table":13,"minecraft:diamond_helmet":1,"minecraft:oak_planks":250,"minecraft:scrape_pottery_sherd":1,"minecraft:chiseled_polished_blackstone":1,"minecraft:sand":4,"minecraft:jungle_planks":12,"minecraft:dark_oak_log":10,"minecraft:shulker_box":131,"minecraft:diamond":118,"minecraft:waxed_oxidized_copper_grate":12,"minecraft:cracked_polished_blackstone_bricks":43,"minecraft:granite":10,"minecraft:crossbow":1,"minecraft:breeze_rod":7,"minecraft:bone_meal":100,"minecraft:golden_apple":2,"minecraft:emerald":58,"minecraft:bread":2,"minecraft:oak_sapling":91,"minecraft:netherrack":963,"minecraft:chorus_fruit":46,"minecraft:diamond_pickaxe":1,"minecraft:end_stone_bricks":4,"minecraft:crafting_table":12,"minecraft:allium":1,"minecraft:azure_bluet":8,"minecraft:chicken":3,"minecraft:ominous_bottle":1,"minecraft:ladder":66,"minecraft:leather_leggings":2,"minecraft:gold_block":19,"minecraft:purpur_block":7,"minecraft:brick":93,"minecraft:wind_charge":11,"minecraft:cornflower":1,"minecraft:oak_trapdoor":461,"minecraft:elytra":1,"minecraft:iron_axe":1,"minecraft:compass":4,"minecraft:blackstone":56,"minecraft:cracked_stone_bricks":2,"minecraft:cartography_table":3,"minecraft:beef":82,"minecraft:oak_boat":1,"minecraft:minecart":1,"minecraft:poppy":17,"minecraft:lectern":222,"minecraft:guster_pottery_sherd":2,"minecraft:sugar_cane":3569,"minecraft:chest":2,"minecraft:birch_sapling":4,"minecraft:egg":2,"minecraft:raw_iron":114,"minecraft:end_stone":1022,"minecraft:oak_door":2,"minecraft:polished_blackstone_bricks":107,"minecraft:flow_pottery_sherd":2,"minecraft:stone_button":2,"minecraft:carrot":967,"minecraft:redstone":20,"minecraft:arrow":72,"minecraft:diamond_chestplate":3,"minecraft:beetroot_seeds":5,"minecraft:decorated_pot":1,"minecraft:nether_bricks":1,"minecraft:hay_block":32,"minecraft:saddle":2,"minecraft:tuff_bricks":7,"minecraft:bone_block":27,"minecraft:white_wool":3,"minecraft:jungle_boat":2,"minecraft:basalt":6,"minecraft:golden_carrot":68,"minecraft:tripwire_hook":4,"minecraft:leather":29,"minecraft:blackstone_slab":2,"minecraft:filled_map":1,"minecraft:ancient_debris":7,"minecraft:oak_log":836,"minecraft:waxed_copper_block":1,"minecraft:yellow_bed":22,"minecraft:gunpowder":6,"minecraft:paper":2,"minecraft:apple":14,"minecraft:stone_bricks":6,"minecraft:warped_stem":6,"minecraft:iron_ingot":37,"minecraft:polished_tuff_slab":2,"minecraft:cooked_chicken":4,"minecraft:glass_bottle":1,"minecraft:book":188,"minecraft:oak_slab":5,"minecraft:warped_fungus":2,"minecraft:emerald_block":1,"minecraft:quartz":147,"minecraft:dandelion":18,"minecraft:dripstone_block":1,"minecraft:gravel":10,"minecraft:spruce_sapling":136,"minecraft:white_bed":4,"minecraft:spruce_log":1513,"minecraft:dragon_egg":1,"minecraft:spider_eye":18,"minecraft:polished_tuff":2,"minecraft:leather_helmet":2,"minecraft:diamond_shovel":2,"minecraft:diamond_axe":1,"minecraft:damaged_anvil":2,"minecraft:warped_roots":44,"minecraft:oak_button":5,"minecraft:baked_potato":11,"minecraft:shulker_shell":15,"minecraft:warped_nylium":1,"minecraft:coal":209,"minecraft:chiseled_tuff_bricks":1,"minecraft:hopper":8,"minecraft:sunflower":8,"minecraft:ender_pearl":108},"minecraft:killed":{"minecraft:zombified_piglin":3,"minecraft:spider":38,"minecraft:shulker":24,"minecraft:skeleton":6,"minecraft:chicken":3,"minecraft:piglin_brute":1,"minecraft:piglin":22,"minecraft:zombie_villager":1,"minecraft:iron_golem":3,"minecraft:ender_dragon":1,"minecraft:creeper":6,"minecraft:pillager":3,"minecraft:zombie":36,"minecraft:ghast":4,"minecraft:stray":28,"minecraft:blaze":1,"minecraft:cow":23,"minecraft:slime":1,"minecraft:horse":3,"minecraft:wandering_trader":1,"minecraft:breeze":7,"minecraft:villager":1,"minecraft:enderman":17}},"DataVersion":3953}