{"stats":{"minecraft:broken":{"minecraft:diamond_helmet":2,"minecraft:diamond_boots":1,"minecraft:shield":1},"minecraft:mined":{"minecraft:spruce_planks":3,"minecraft:white_bed":5,"minecraft:granite":13,"minecraft:chiseled_polished_blackstone":1,"minecraft:grass_block":321,"minecraft:cracked_polished_blackstone_bricks":45,"minecraft:oak_wall_sign":3,"minecraft:tuff_bricks":1,"minecraft:spawner":1,"minecraft:polished_blackstone_bricks":120,"minecraft:magma_block":2,"minecraft:iron_ore":38,"minecraft:cobbled_deepslate":2,"minecraft:fire":15,"minecraft:polished_tuff":1,"minecraft:azure_bluet":1,"minecraft:dirt_path":5,"minecraft:water_cauldron":6,"minecraft:oak_stairs":2,"minecraft:iron_bars":3,"minecraft:polished_tuff_slab":2,"minecraft:end_stone_bricks":3,"minecraft:tripwire":5,"minecraft:blackstone":58,"minecraft:crimson_nylium":1,"minecraft:powder_snow":6,"minecraft:torch":1,"minecraft:nether_quartz_ore":1,"minecraft:cobblestone":23,"minecraft:oak_planks":173,"minecraft:grindstone":1,"minecraft:sugar_cane":1864,"minecraft:iron_door":3,"minecraft:wall_torch":4,"minecraft:waxed_copper_bulb":1,"minecraft:red_candle":4,"minecraft:warped_nylium":2,"minecraft:birch_log":121,"minecraft:waxed_copper_block":1,"minecraft:warped_fungus":2,"minecraft:purpur_block":5,"minecraft:oak_log":838,"minecraft:sand":4,"minecraft:dirt":382,"minecraft:tripwire_hook":4,"minecraft:netherrack":434,"minecraft:oak_leaves":96,"minecraft:deepslate":59,"minecraft:oak_door":1,"minecraft:dark_oak_log":9,"minecraft:end_stone":1093,"minecraft:shulker_box":60,"minecraft:nether_bricks":1,"minecraft:decorated_pot":26,"minecraft:jungle_planks":2,"minecraft:spruce_leaves":3,"minecraft:cartography_table":3,"minecraft:hay_block":33,"minecraft:redstone_ore":4,"minecraft:oak_trapdoor":12,"minecraft:carrots":215,"minecraft:waxed_copper_grate":5,"minecraft:andesite":102,"minecraft:gold_block":19,"minecraft:bookshelf":2,"minecraft:warped_stem":6,"minecraft:deepslate_iron_ore":1,"minecraft:packed_ice":8,"minecraft:waxed_weathered_copper_bulb":1,"minecraft:stone":1219,"minecraft:oak_slab":5,"minecraft:magenta_stained_glass":2,"minecraft:basalt":11,"minecraft:crafting_table":6,"minecraft:short_grass":79,"minecraft:blackstone_slab":2,"minecraft:lectern":34,"minecraft:copper_ore":8,"minecraft:purpur_pillar":2,"minecraft:tall_grass":4,"minecraft:red_glazed_terracotta":2,"minecraft:lapis_ore":10,"minecraft:diorite":30,"minecraft:waxed_oxidized_copper_grate":4,"minecraft:spruce_log":11,"minecraft:birch_leaves":3,"minecraft:yellow_bed":15,"minecraft:coal_ore":104,"minecraft:end_rod":3,"minecraft:gravel":2,"minecraft:cobweb":18,"minecraft:cracked_stone_bricks":1,"minecraft:oak_button":3,"minecraft:stone_bricks":4,"minecraft:mossy_stone_bricks":1},"minecraft:killed_by":{"minecraft:pillager":1,"minecraft:zombie":5,"minecraft:player":2,"minecraft:stray":2,"minecraft:enderman":4,"minecraft:ender_dragon":3,"minecraft:shulker":4,"minecraft:skeleton":1},"minecraft:custom":{"minecraft:interact_with_crafting_table":90,"minecraft:open_barrel":24,"minecraft:open_shulker_box":199,"minecraft:leave_game":12,"minecraft:time_since_death":24180,"minecraft:sprint_one_cm":1955959,"minecraft:damage_blocked_by_shield":3695,"minecraft:drop":1293,"minecraft:talked_to_villager":66,"minecraft:play_time":638902,"minecraft:deaths":45,"minecraft:jump":9610,"minecraft:interact_with_brewingstand":1,"minecraft:walk_on_water_one_cm":121263,"minecraft:enchant_item":14,"minecraft:interact_with_furnace":22,"minecraft:traded_with_villager":143,"minecraft:sleep_in_bed":29,"minecraft:damage_dealt":41977,"minecraft:crouch_one_cm":107320,"minecraft:inspect_dispenser":30,"minecraft:interact_with_anvil":7,"minecraft:mob_kills":228,"minecraft:climb_one_cm":6688,"minecraft:walk_one_cm":1604343,"minecraft:sneak_time":25076,"minecraft:walk_under_water_one_cm":50775,"minecraft:boat_one_cm":86294,"minecraft:total_world_time":638902,"minecraft:interact_with_grindstone":10,"minecraft:time_since_rest":24205,"minecraft:damage_taken":23980,"minecraft:swim_one_cm":23158,"minecraft:fly_one_cm":2000744,"minecraft:open_chest":125,"minecraft:aviate_one_cm":725510,"minecraft:fall_one_cm":325976},"minecraft:used":{"minecraft:tuff_bricks":1,"minecraft:elytra":29,"minecraft:ladder":2,"minecraft:poppy":7,"minecraft:oak_sign":9,"minecraft:decorated_pot":1,"minecraft:chest":19,"minecraft:shield":55,"minecraft:carrot":223,"minecraft:obsidian":2,"minecraft:lava_bucket":19,"minecraft:waxed_oxidized_copper_grate":2,"minecraft:lantern":11,"minecraft:stone_bricks":3,"minecraft:bow":110,"minecraft:warped_fungus":2,"minecraft:hay_block":3,"minecraft:ominous_bottle":1,"minecraft:oak_sapling":3,"minecraft:furnace":2,"minecraft:leather_leggings":1,"minecraft:mossy_stone_bricks":5,"minecraft:diorite":5,"minecraft:diamond_boots":1,"minecraft:oak_planks":1630,"minecraft:blackstone":56,"minecraft:ender_pearl":92,"minecraft:diamond_axe":1320,"minecraft:sugar_cane":21,"minecraft:jungle_boat":1,"minecraft:end_stone":979,"minecraft:polished_tuff":1,"minecraft:string":13,"minecraft:bread":70,"minecraft:lectern":35,"minecraft:gravel":1,"minecraft:chiseled_tuff_bricks":1,"minecraft:diamond_sword":701,"minecraft:grindstone":1,"minecraft:andesite":53,"minecraft:purpur_block":2,"minecraft:oak_trapdoor":14,"minecraft:iron_bars":3,"minecraft:enchanting_table":1,"minecraft:flint_and_steel":1,"minecraft:trial_key":6,"minecraft:netherrack":417,"minecraft:oak_door":3,"minecraft:torch":83,"minecraft:dirt":481,"minecraft:anvil":1,"minecraft:diamond_helmet":2,"minecraft:shulker_box":60,"minecraft:bookshelf":18,"minecraft:oak_stairs":24,"minecraft:diamond_chestplate":29,"minecraft:basalt":6,"minecraft:tripwire_hook":4,"minecraft:golden_carrot":79,"minecraft:cooked_beef":25,"minecraft:cobbled_deepslate":87,"minecraft:water_bucket":653,"minecraft:cartography_table":3,"minecraft:polished_blackstone_bricks":107,"minecraft:waxed_copper_block":1,"minecraft:cracked_stone_bricks":1,"minecraft:oak_slab":6,"minecraft:crafting_table":12,"minecraft:white_bed":4,"minecraft:oak_log":9,"minecraft:flower_pot":1,"minecraft:diamond_pickaxe":3568,"minecraft:diamond_shovel":694,"minecraft:cracked_polished_blackstone_bricks":43,"minecraft:wind_charge":8,"minecraft:oak_button":6,"minecraft:iron_pickaxe":26,"minecraft:leather_helmet":1,"minecraft:cobblestone":147,"minecraft:potion":3,"minecraft:bucket":673,"minecraft:yellow_bed":14,"minecraft:diamond_leggings":1},"minecraft:crafted":{"minecraft:oak_planks":3297,"minecraft:cobblestone_slab":1088,"minecraft:oak_sign":6,"minecraft:diamond_shovel":1,"minecraft:bookshelf":19,"minecraft:shulker_box":6,"minecraft:glass":4,"minecraft:hopper":4,"minecraft:diamond_helmet":2,"minecraft:diamond_leggings":2,"minecraft:chest":32,"minecraft:oak_button":2,"minecraft:oak_slab":6,"minecraft:emerald":126,"minecraft:diamond_axe":1,"minecraft:crafting_table":9,"minecraft:spruce_planks":44,"minecraft:jungle_boat":1,"minecraft:birch_planks":448,"minecraft:lectern":1,"minecraft:book":24,"minecraft:paper":3405,"minecraft:diamond_pickaxe":1,"minecraft:shield":2,"minecraft:stick":168,"minecraft:iron_ingot":64,"minecraft:compass":4,"minecraft:iron_pickaxe":1,"minecraft:iron_block":3,"minecraft:shears":1,"minecraft:oak_door":3,"minecraft:tripwire_hook":4,"minecraft:furnace":1,"minecraft:bone_meal":108,"minecraft:oak_trapdoor":466,"minecraft:flint_and_steel":1,"minecraft:lantern":12,"minecraft:ladder":66,"minecraft:diamond_boots":1,"minecraft:dark_oak_planks":40,"minecraft:wheat":261,"minecraft:cooked_beef":37,"minecraft:diamond_sword":1,"minecraft:enchanting_table":1,"minecraft:bucket":1,"minecraft:bread":87,"minecraft:air":0,"minecraft:birch_trapdoor":116,"minecraft:oak_stairs":32,"minecraft:anvil":1,"minecraft:torch":96,"minecraft:diamond_chestplate":1},"minecraft:dropped":{"minecraft:guster_pottery_sherd":2,"minecraft:diamond_axe":1,"minecraft:cooked_beef":3,"minecraft:chorus_fruit":46,"minecraft:glass_bottle":4,"minecraft:crafting_table":1,"minecraft:lantern":1,"minecraft:honeycomb":11,"minecraft:jungle_planks":3,"minecraft:cracked_stone_bricks":1,"minecraft:leather_helmet":4,"minecraft:flint":1,"minecraft:emerald":5,"minecraft:dirt":17,"minecraft:stone_button":2,"minecraft:cornflower":1,"minecraft:scrape_pottery_sherd":1,"minecraft:bone_meal":108,"minecraft:sunflower":7,"minecraft:iron_pickaxe":3,"minecraft:birch_log":8,"minecraft:bone":12,"minecraft:oak_door":2,"minecraft:chiseled_polished_blackstone":1,"minecraft:purpur_block":5,"minecraft:compass":8,"minecraft:sugar_cane":7,"minecraft:cooked_chicken":4,"minecraft:cobbled_deepslate":44,"minecraft:birch_sapling":4,"minecraft:obsidian":7,"minecraft:pointed_dripstone":2,"minecraft:rotten_flesh":22,"minecraft:oak_planks":16,"minecraft:azure_bluet":8,"minecraft:honey_bottle":1,"minecraft:carrot":5,"minecraft:poppy":10,"minecraft:tipped_arrow":20,"minecraft:red_candle":4,"minecraft:gunpowder":2,"minecraft:beetroot_seeds":5,"minecraft:lingering_potion":4,"minecraft:ladder":2,"minecraft:leather_leggings":3,"minecraft:blackstone_slab":2,"minecraft:arrow":8,"minecraft:end_stone_bricks":4,"minecraft:beef":45,"minecraft:netherrack":58,"minecraft:enchanted_book":2,"minecraft:iron_ingot":2,"minecraft:bread":37,"minecraft:oak_slab":1,"minecraft:wheat_seeds":38,"minecraft:dripstone_block":1,"minecraft:diamond_leggings":3,"minecraft:feather":1,"minecraft:cobblestone":95,"minecraft:polished_tuff":1,"minecraft:waxed_copper_grate":2,"minecraft:apple":21,"minecraft:granite":10,"minecraft:coal":24,"minecraft:end_rod":4,"minecraft:stick":45,"minecraft:diorite":28,"minecraft:golden_carrot":1,"minecraft:torch":1,"minecraft:waxed_weathered_copper_bulb":1,"minecraft:iron_door":6,"minecraft:potion":5,"minecraft:oak_stairs":11,"minecraft:jungle_boat":2,"minecraft:iron_axe":1,"minecraft:paper":14,"minecraft:string":50,"minecraft:bucket":2,"minecraft:dandelion":18,"minecraft:redstone":20,"minecraft:purpur_pillar":2,"minecraft:tuff_bricks":6,"minecraft:flow_pottery_sherd":2,"minecraft:raw_copper":107,"minecraft:polished_tuff_slab":2,"minecraft:tuff":44,"minecraft:raw_iron":50,"minecraft:chicken":2,"minecraft:iron_boots":1,"minecraft:filled_map":1,"minecraft:diamond_sword":3,"minecraft:trial_key":9,"minecraft:allium":1,"minecraft:diamond_chestplate":3,"minecraft:spruce_planks":2,"minecraft:iron_chestplate":2,"minecraft:diamond_pickaxe":1,"minecraft:andesite":51,"minecraft:oak_sapling":84,"minecraft:spider_eye":18,"minecraft:stone_bricks":3,"minecraft:diamond_boots":1,"minecraft:bow":1,"minecraft:waxed_oxidized_copper_grate":10,"minecraft:brick":75},"minecraft:picked_up":{"minecraft:iron_chestplate":2,"minecraft:flower_pot":1,"minecraft:lead":9,"minecraft:diamond_sword":2,"minecraft:oak_stairs":3,"minecraft:potion":7,"minecraft:enchanted_book":2,"minecraft:golden_sword":1,"minecraft:string":69,"minecraft:raw_copper":107,"minecraft:red_candle":4,"minecraft:oak_sign":3,"minecraft:diamond_leggings":1,"minecraft:cobbled_deepslate":131,"minecraft:bucket":1,"minecraft:spruce_planks":2,"minecraft:trial_key":19,"minecraft:cobblestone_slab":4,"minecraft:iron_pickaxe":2,"minecraft:tipped_arrow":20,"minecraft:stick":94,"minecraft:torch":17,"minecraft:purpur_pillar":2,"minecraft:waxed_weathered_copper_bulb":1,"minecraft:waxed_copper_grate":2,"minecraft:pointed_dripstone":2,"minecraft:diorite":33,"minecraft:rotten_flesh":22,"minecraft:end_rod":4,"minecraft:obsidian":4,"minecraft:iron_bars":3,"minecraft:cobblestone":1530,"minecraft:birch_log":120,"minecraft:magma_block":1,"minecraft:feather":1,"minecraft:cooked_beef":3,"minecraft:iron_door":6,"minecraft:andesite":104,"minecraft:flint":2,"minecraft:lapis_lazuli":111,"minecraft:dirt":695,"minecraft:bone":48,"minecraft:bow":2,"minecraft:wheat_seeds":42,"minecraft:grindstone":1,"minecraft:mossy_stone_bricks":5,"minecraft:diamond_helmet":1,"minecraft:scrape_pottery_sherd":1,"minecraft:oak_planks":172,"minecraft:chiseled_polished_blackstone":1,"minecraft:sand":4,"minecraft:jungle_planks":12,"minecraft:shulker_box":60,"minecraft:dark_oak_log":10,"minecraft:diamond":54,"minecraft:waxed_oxidized_copper_grate":12,"minecraft:cracked_polished_blackstone_bricks":43,"minecraft:granite":10,"minecraft:crossbow":1,"minecraft:breeze_rod":7,"minecraft:golden_apple":1,"minecraft:emerald":28,"minecraft:bread":2,"minecraft:oak_sapling":91,"minecraft:netherrack":475,"minecraft:chorus_fruit":46,"minecraft:diamond_pickaxe":1,"minecraft:end_stone_bricks":4,"minecraft:crafting_table":6,"minecraft:allium":1,"minecraft:azure_bluet":8,"minecraft:ominous_bottle":1,"minecraft:chicken":2,"minecraft:ladder":2,"minecraft:leather_leggings":2,"minecraft:gold_block":19,"minecraft:purpur_block":7,"minecraft:brick":93,"minecraft:wind_charge":11,"minecraft:cornflower":1,"minecraft:oak_trapdoor":12,"minecraft:elytra":1,"minecraft:iron_axe":1,"minecraft:compass":4,"minecraft:blackstone":56,"minecraft:cracked_stone_bricks":2,"minecraft:cartography_table":3,"minecraft:beef":82,"minecraft:poppy":17,"minecraft:lectern":34,"minecraft:guster_pottery_sherd":2,"minecraft:sugar_cane":3563,"minecraft:chest":1,"minecraft:birch_sapling":4,"minecraft:egg":1,"minecraft:raw_iron":114,"minecraft:end_stone":1022,"minecraft:oak_door":2,"minecraft:polished_blackstone_bricks":107,"minecraft:flow_pottery_sherd":2,"minecraft:stone_button":2,"minecraft:carrot":826,"minecraft:redstone":20,"minecraft:arrow":72,"minecraft:diamond_chestplate":3,"minecraft:decorated_pot":1,"minecraft:beetroot_seeds":5,"minecraft:nether_bricks":1,"minecraft:hay_block":32,"minecraft:saddle":1,"minecraft:tuff_bricks":7,"minecraft:jungle_boat":2,"minecraft:basalt":6,"minecraft:golden_carrot":68,"minecraft:tripwire_hook":4,"minecraft:leather":24,"minecraft:blackstone_slab":2,"minecraft:filled_map":1,"minecraft:oak_log":834,"minecraft:waxed_copper_block":1,"minecraft:yellow_bed":15,"minecraft:gunpowder":2,"minecraft:apple":14,"minecraft:stone_bricks":6,"minecraft:warped_stem":6,"minecraft:iron_ingot":37,"minecraft:polished_tuff_slab":2,"minecraft:cooked_chicken":4,"minecraft:glass_bottle":1,"minecraft:book":6,"minecraft:oak_slab":5,"minecraft:warped_fungus":2,"minecraft:emerald_block":1,"minecraft:dandelion":18,"minecraft:dripstone_block":1,"minecraft:gravel":1,"minecraft:white_bed":4,"minecraft:spruce_log":11,"minecraft:dragon_egg":1,"minecraft:spider_eye":18,"minecraft:polished_tuff":2,"minecraft:leather_helmet":2,"minecraft:diamond_shovel":1,"minecraft:diamond_axe":1,"minecraft:warped_roots":44,"minecraft:oak_button":5,"minecraft:warped_nylium":1,"minecraft:baked_potato":11,"minecraft:sunflower":7,"minecraft:coal":201,"minecraft:chiseled_tuff_bricks":1,"minecraft:hopper":4,"minecraft:ender_pearl":108,"minecraft:shulker_shell":15},"minecraft:killed":{"minecraft:spider":37,"minecraft:shulker":24,"minecraft:skeleton":6,"minecraft:chicken":2,"minecraft:piglin_brute":1,"minecraft:piglin":22,"minecraft:iron_golem":3,"minecraft:ender_dragon":1,"minecraft:creeper":3,"minecraft:pillager":3,"minecraft:zombie":35,"minecraft:ghast":4,"minecraft:stray":28,"minecraft:blaze":1,"minecraft:cow":23,"minecraft:slime":1,"minecraft:horse":1,"minecraft:wandering_trader":1,"minecraft:breeze":7,"minecraft:enderman":17}},"DataVersion":3953}