{"stats":{"minecraft:mined":{"minecraft:white_bed":2,"minecraft:dark_oak_log":9,"minecraft:grass_block":5,"minecraft:decorated_pot":26,"minecraft:hay_block":33,"minecraft:waxed_copper_grate":5,"minecraft:fire":4,"minecraft:cobbled_deepslate":2,"minecraft:deepslate_iron_ore":1,"minecraft:dirt_path":2,"minecraft:polished_tuff_slab":2,"minecraft:packed_ice":8,"minecraft:waxed_weathered_copper_bulb":1,"minecraft:stone":1,"minecraft:powder_snow":6,"minecraft:crafting_table":1,"minecraft:short_grass":13,"minecraft:cobblestone":5,"minecraft:red_glazed_terracotta":2,"minecraft:sugar_cane":3,"minecraft:oak_planks":9,"minecraft:wall_torch":3,"minecraft:waxed_copper_bulb":1,"minecraft:red_candle":4,"minecraft:waxed_oxidized_copper_grate":4,"minecraft:birch_leaves":3,"minecraft:waxed_copper_block":1,"minecraft:oak_log":162,"minecraft:coal_ore":40,"minecraft:dirt":1,"minecraft:cobweb":18,"minecraft:oak_button":2,"minecraft:oak_leaves":14,"minecraft:deepslate":29},"minecraft:killed_by":{"minecraft:player":1,"minecraft:stray":2,"minecraft:skeleton":1,"minecraft:zombie":3},"minecraft:used":{"minecraft:decorated_pot":1,"minecraft:shield":23,"minecraft:trial_key":6,"minecraft:oak_door":2,"minecraft:torch":10,"minecraft:dirt":3,"minecraft:diamond_helmet":1,"minecraft:waxed_oxidized_copper_grate":2,"minecraft:diamond_chestplate":1,"minecraft:bow":2,"minecraft:hay_block":3,"minecraft:ominous_bottle":1,"minecraft:oak_sapling":3,"minecraft:cobbled_deepslate":87,"minecraft:water_bucket":553,"minecraft:leather_leggings":1,"minecraft:diamond_boots":1,"minecraft:oak_planks":199,"minecraft:diamond_axe":172,"minecraft:waxed_copper_block":1,"minecraft:crafting_table":4,"minecraft:white_bed":2,"minecraft:oak_log":3,"minecraft:flower_pot":1,"minecraft:diamond_pickaxe":137,"minecraft:wind_charge":8,"minecraft:bread":60,"minecraft:oak_button":3,"minecraft:iron_pickaxe":26,"minecraft:leather_helmet":1,"minecraft:chiseled_tuff_bricks":1,"minecraft:diamond_sword":309,"minecraft:cobblestone":2,"minecraft:potion":2,"minecraft:bucket":554,"minecraft:diamond_leggings":1},"minecraft:custom":{"minecraft:mob_kills":108,"minecraft:interact_with_crafting_table":12,"minecraft:open_barrel":24,"minecraft:leave_game":1,"minecraft:time_since_death":48725,"minecraft:climb_one_cm":6105,"minecraft:sprint_one_cm":465817,"minecraft:walk_one_cm":374856,"minecraft:damage_blocked_by_shield":1255,"minecraft:drop":403,"minecraft:talked_to_villager":3,"minecraft:play_time":139218,"minecraft:deaths":14,"minecraft:sneak_time":4141,"minecraft:walk_under_water_one_cm":23588,"minecraft:jump":2235,"minecraft:walk_on_water_one_cm":46082,"minecraft:total_world_time":139218,"minecraft:interact_with_grindstone":2,"minecraft:sleep_in_bed":4,"minecraft:time_since_rest":8584,"minecraft:damage_taken":6703,"minecraft:damage_dealt":18615,"minecraft:swim_one_cm":7383,"minecraft:fly_one_cm":334727,"minecraft:open_chest":36,"minecraft:crouch_one_cm":6864,"minecraft:fall_one_cm":94384,"minecraft:inspect_dispenser":30},"minecraft:crafted":{"minecraft:oak_door":3,"minecraft:oak_planks":516,"minecraft:diamond_helmet":1,"minecraft:diamond_leggings":2,"minecraft:diamond_boots":1,"minecraft:oak_button":1,"minecraft:dark_oak_planks":40,"minecraft:wheat":261,"minecraft:diamond_sword":1,"minecraft:emerald":9,"minecraft:diamond_axe":1,"minecraft:crafting_table":4,"minecraft:bucket":1,"minecraft:bread":87,"minecraft:diamond_pickaxe":1,"minecraft:shield":1,"minecraft:stick":40,"minecraft:iron_pickaxe":1,"minecraft:torch":96,"minecraft:diamond_chestplate":1},"minecraft:dropped":{"minecraft:guster_pottery_sherd":2,"minecraft:iron_ingot":2,"minecraft:bread":33,"minecraft:wheat_seeds":13,"minecraft:diamond_axe":1,"minecraft:cooked_beef":3,"minecraft:glass_bottle":3,"minecraft:dripstone_block":1,"minecraft:feather":1,"minecraft:cobblestone":20,"minecraft:waxed_copper_grate":2,"minecraft:apple":14,"minecraft:honeycomb":11,"minecraft:leather_helmet":4,"minecraft:stick":31,"minecraft:emerald":3,"minecraft:dirt":8,"minecraft:golden_carrot":1,"minecraft:waxed_weathered_copper_bulb":1,"minecraft:scrape_pottery_sherd":1,"minecraft:potion":5,"minecraft:iron_pickaxe":2,"minecraft:string":50,"minecraft:bucket":2,"minecraft:dandelion":2,"minecraft:bone":9,"minecraft:oak_door":1,"minecraft:tuff_bricks":6,"minecraft:sugar_cane":6,"minecraft:flow_pottery_sherd":2,"minecraft:cobbled_deepslate":7,"minecraft:polished_tuff_slab":2,"minecraft:tuff":44,"minecraft:birch_sapling":1,"minecraft:obsidian":7,"minecraft:raw_iron":8,"minecraft:pointed_dripstone":2,"minecraft:chicken":2,"minecraft:rotten_flesh":18,"minecraft:oak_planks":11,"minecraft:honey_bottle":1,"minecraft:poppy":7,"minecraft:tipped_arrow":20,"minecraft:red_candle":4,"minecraft:trial_key":9,"minecraft:iron_chestplate":2,"minecraft:lingering_potion":4,"minecraft:andesite":3,"minecraft:oak_sapling":3,"minecraft:leather_leggings":3,"minecraft:spider_eye":18,"minecraft:bow":1,"minecraft:brick":75,"minecraft:waxed_oxidized_copper_grate":10},"minecraft:picked_up":{"minecraft:crafting_table":1,"minecraft:iron_chestplate":2,"minecraft:ominous_bottle":1,"minecraft:chicken":2,"minecraft:flower_pot":1,"minecraft:leather_leggings":2,"minecraft:potion":7,"minecraft:brick":93,"minecraft:wind_charge":11,"minecraft:string":54,"minecraft:red_candle":4,"minecraft:cobbled_deepslate":101,"minecraft:bucket":1,"minecraft:trial_key":19,"minecraft:poppy":7,"minecraft:iron_pickaxe":1,"minecraft:guster_pottery_sherd":2,"minecraft:sugar_cane":6,"minecraft:birch_sapling":1,"minecraft:tipped_arrow":20,"minecraft:stick":36,"minecraft:raw_iron":8,"minecraft:torch":4,"minecraft:flow_pottery_sherd":2,"minecraft:waxed_weathered_copper_bulb":1,"minecraft:waxed_copper_grate":2,"minecraft:pointed_dripstone":2,"minecraft:rotten_flesh":18,"minecraft:arrow":63,"minecraft:decorated_pot":1,"minecraft:hay_block":32,"minecraft:tuff_bricks":6,"minecraft:cobblestone":22,"minecraft:feather":1,"minecraft:cooked_beef":3,"minecraft:golden_carrot":67,"minecraft:andesite":3,"minecraft:oak_log":162,"minecraft:waxed_copper_block":1,"minecraft:dirt":11,"minecraft:bone":45,"minecraft:apple":7,"minecraft:bow":2,"minecraft:wheat_seeds":15,"minecraft:iron_ingot":37,"minecraft:polished_tuff_slab":2,"minecraft:cooked_chicken":4,"minecraft:glass_bottle":1,"minecraft:scrape_pottery_sherd":1,"minecraft:oak_planks":12,"minecraft:emerald_block":1,"minecraft:dandelion":2,"minecraft:dripstone_block":1,"minecraft:white_bed":2,"minecraft:dark_oak_log":10,"minecraft:spider_eye":18,"minecraft:leather_helmet":2,"minecraft:diamond":54,"minecraft:waxed_oxidized_copper_grate":12,"minecraft:diamond_axe":1,"minecraft:breeze_rod":7,"minecraft:golden_apple":1,"minecraft:emerald":28,"minecraft:bread":2,"minecraft:oak_button":2,"minecraft:baked_potato":11,"minecraft:oak_sapling":6,"minecraft:coal":48,"minecraft:chiseled_tuff_bricks":1},"minecraft:killed":{"minecraft:spider":35,"minecraft:slime":1,"minecraft:chicken":2,"minecraft:iron_golem":3,"minecraft:zombie":29,"minecraft:stray":28,"minecraft:breeze":7}},"DataVersion":3953}