{"stats":{"minecraft:mined":{"minecraft:spruce_planks":3,"minecraft:white_bed":3,"minecraft:oak_door":1,"minecraft:dark_oak_log":9,"minecraft:grass_block":189,"minecraft:jungle_planks":2,"minecraft:decorated_pot":26,"minecraft:oak_wall_sign":3,"minecraft:hay_block":33,"minecraft:waxed_copper_grate":5,"minecraft:fire":4,"minecraft:cobbled_deepslate":2,"minecraft:azure_bluet":1,"minecraft:deepslate_iron_ore":1,"minecraft:dirt_path":4,"minecraft:oak_stairs":2,"minecraft:polished_tuff_slab":2,"minecraft:packed_ice":8,"minecraft:waxed_weathered_copper_bulb":1,"minecraft:stone":3,"minecraft:powder_snow":6,"minecraft:crafting_table":3,"minecraft:short_grass":21,"minecraft:tall_grass":1,"minecraft:cobblestone":13,"minecraft:red_glazed_terracotta":2,"minecraft:oak_planks":153,"minecraft:sugar_cane":3,"minecraft:wall_torch":4,"minecraft:waxed_copper_bulb":1,"minecraft:red_candle":4,"minecraft:waxed_oxidized_copper_grate":4,"minecraft:birch_leaves":3,"minecraft:waxed_copper_block":1,"minecraft:yellow_bed":6,"minecraft:oak_log":428,"minecraft:coal_ore":40,"minecraft:dirt":304,"minecraft:cobweb":18,"minecraft:oak_button":2,"minecraft:oak_leaves":45,"minecraft:deepslate":29},"minecraft:killed_by":{"minecraft:player":1,"minecraft:stray":2,"minecraft:skeleton":1,"minecraft:zombie":3},"minecraft:used":{"minecraft:poppy":7,"minecraft:oak_sign":9,"minecraft:chest":18,"minecraft:decorated_pot":1,"minecraft:shield":23,"minecraft:netherrack":11,"minecraft:trial_key":6,"minecraft:oak_door":3,"minecraft:torch":67,"minecraft:dirt":420,"minecraft:diamond_helmet":1,"minecraft:waxed_oxidized_copper_grate":2,"minecraft:oak_stairs":24,"minecraft:diamond_chestplate":1,"minecraft:golden_carrot":4,"minecraft:bow":2,"minecraft:hay_block":3,"minecraft:ominous_bottle":1,"minecraft:furnace":2,"minecraft:oak_sapling":3,"minecraft:cobbled_deepslate":87,"minecraft:water_bucket":580,"minecraft:leather_leggings":1,"minecraft:diamond_boots":1,"minecraft:oak_planks":1560,"minecraft:diamond_axe":627,"minecraft:jungle_boat":1,"minecraft:waxed_copper_block":1,"minecraft:crafting_table":7,"minecraft:white_bed":2,"minecraft:oak_log":9,"minecraft:flower_pot":1,"minecraft:diamond_pickaxe":147,"minecraft:diamond_shovel":490,"minecraft:wind_charge":8,"minecraft:bread":70,"minecraft:oak_button":3,"minecraft:iron_pickaxe":26,"minecraft:leather_helmet":1,"minecraft:chiseled_tuff_bricks":1,"minecraft:diamond_sword":321,"minecraft:cobblestone":2,"minecraft:potion":2,"minecraft:bucket":581,"minecraft:yellow_bed":6,"minecraft:diamond_leggings":1},"minecraft:custom":{"minecraft:mob_kills":112,"minecraft:interact_with_crafting_table":27,"minecraft:open_barrel":24,"minecraft:leave_game":2,"minecraft:time_since_death":133021,"minecraft:climb_one_cm":6105,"minecraft:sprint_one_cm":696469,"minecraft:walk_one_cm":654485,"minecraft:damage_blocked_by_shield":1255,"minecraft:drop":590,"minecraft:talked_to_villager":3,"minecraft:play_time":223514,"minecraft:sneak_time":9276,"minecraft:deaths":14,"minecraft:walk_under_water_one_cm":26370,"minecraft:boat_one_cm":72990,"minecraft:jump":3325,"minecraft:walk_on_water_one_cm":58838,"minecraft:total_world_time":223514,"minecraft:interact_with_furnace":4,"minecraft:interact_with_grindstone":2,"minecraft:sleep_in_bed":10,"minecraft:time_since_rest":13661,"minecraft:damage_taken":6981,"minecraft:damage_dealt":19415,"minecraft:swim_one_cm":14304,"minecraft:fly_one_cm":481096,"minecraft:open_chest":57,"minecraft:crouch_one_cm":32639,"minecraft:fall_one_cm":128347,"minecraft:inspect_dispenser":30},"minecraft:crafted":{"minecraft:oak_door":3,"minecraft:oak_planks":1669,"minecraft:oak_sign":6,"minecraft:furnace":1,"minecraft:bone_meal":108,"minecraft:diamond_shovel":1,"minecraft:diamond_helmet":1,"minecraft:diamond_leggings":2,"minecraft:chest":18,"minecraft:diamond_boots":1,"minecraft:oak_button":1,"minecraft:dark_oak_planks":40,"minecraft:wheat":261,"minecraft:diamond_sword":1,"minecraft:emerald":9,"minecraft:diamond_axe":1,"minecraft:crafting_table":6,"minecraft:jungle_boat":1,"minecraft:bucket":1,"minecraft:bread":87,"minecraft:diamond_pickaxe":1,"minecraft:shield":1,"minecraft:stick":40,"minecraft:iron_pickaxe":1,"minecraft:oak_stairs":32,"minecraft:torch":96,"minecraft:diamond_chestplate":1},"minecraft:dropped":{"minecraft:guster_pottery_sherd":2,"minecraft:iron_ingot":2,"minecraft:bread":33,"minecraft:wheat_seeds":24,"minecraft:diamond_axe":1,"minecraft:cooked_beef":3,"minecraft:glass_bottle":3,"minecraft:dripstone_block":1,"minecraft:feather":1,"minecraft:cobblestone":22,"minecraft:waxed_copper_grate":2,"minecraft:apple":14,"minecraft:honeycomb":11,"minecraft:jungle_planks":3,"minecraft:coal":24,"minecraft:leather_helmet":4,"minecraft:stick":31,"minecraft:emerald":3,"minecraft:dirt":8,"minecraft:golden_carrot":1,"minecraft:waxed_weathered_copper_bulb":1,"minecraft:scrape_pottery_sherd":1,"minecraft:potion":5,"minecraft:iron_axe":1,"minecraft:oak_stairs":11,"minecraft:bone_meal":108,"minecraft:iron_pickaxe":2,"minecraft:string":50,"minecraft:bucket":2,"minecraft:dandelion":13,"minecraft:bone":9,"minecraft:oak_door":2,"minecraft:tuff_bricks":6,"minecraft:sugar_cane":6,"minecraft:flow_pottery_sherd":2,"minecraft:cooked_chicken":4,"minecraft:cobbled_deepslate":14,"minecraft:polished_tuff_slab":2,"minecraft:tuff":44,"minecraft:birch_sapling":1,"minecraft:obsidian":7,"minecraft:raw_iron":8,"minecraft:pointed_dripstone":2,"minecraft:chicken":2,"minecraft:rotten_flesh":18,"minecraft:oak_planks":11,"minecraft:honey_bottle":1,"minecraft:azure_bluet":5,"minecraft:filled_map":1,"minecraft:diamond_sword":1,"minecraft:poppy":9,"minecraft:tipped_arrow":20,"minecraft:allium":1,"minecraft:red_candle":4,"minecraft:gunpowder":2,"minecraft:trial_key":9,"minecraft:spruce_planks":2,"minecraft:iron_chestplate":2,"minecraft:andesite":3,"minecraft:lingering_potion":4,"minecraft:oak_sapling":9,"minecraft:leather_leggings":3,"minecraft:spider_eye":18,"minecraft:bow":1,"minecraft:waxed_oxidized_copper_grate":10,"minecraft:brick":75},"minecraft:picked_up":{"minecraft:iron_chestplate":2,"minecraft:crafting_table":3,"minecraft:allium":1,"minecraft:azure_bluet":5,"minecraft:ominous_bottle":1,"minecraft:chicken":2,"minecraft:flower_pot":1,"minecraft:leather_leggings":2,"minecraft:diamond_sword":1,"minecraft:oak_stairs":3,"minecraft:potion":7,"minecraft:brick":93,"minecraft:wind_charge":11,"minecraft:string":54,"minecraft:iron_axe":1,"minecraft:red_candle":4,"minecraft:oak_sign":3,"minecraft:cobbled_deepslate":101,"minecraft:bucket":1,"minecraft:spruce_planks":2,"minecraft:trial_key":19,"minecraft:poppy":16,"minecraft:iron_pickaxe":1,"minecraft:guster_pottery_sherd":2,"minecraft:sugar_cane":6,"minecraft:birch_sapling":1,"minecraft:egg":1,"minecraft:tipped_arrow":20,"minecraft:stick":45,"minecraft:raw_iron":8,"minecraft:oak_door":2,"minecraft:torch":9,"minecraft:flow_pottery_sherd":2,"minecraft:waxed_weathered_copper_bulb":1,"minecraft:waxed_copper_grate":2,"minecraft:pointed_dripstone":2,"minecraft:arrow":63,"minecraft:rotten_flesh":18,"minecraft:decorated_pot":1,"minecraft:hay_block":32,"minecraft:tuff_bricks":6,"minecraft:obsidian":4,"minecraft:cobblestone":32,"minecraft:feather":1,"minecraft:cooked_beef":3,"minecraft:golden_carrot":68,"minecraft:andesite":3,"minecraft:filled_map":1,"minecraft:oak_log":427,"minecraft:waxed_copper_block":1,"minecraft:yellow_bed":6,"minecraft:gunpowder":2,"minecraft:dirt":493,"minecraft:bone":45,"minecraft:apple":7,"minecraft:bow":2,"minecraft:wheat_seeds":28,"minecraft:iron_ingot":37,"minecraft:polished_tuff_slab":2,"minecraft:cooked_chicken":4,"minecraft:glass_bottle":1,"minecraft:oak_planks":153,"minecraft:scrape_pottery_sherd":1,"minecraft:emerald_block":1,"minecraft:dandelion":13,"minecraft:dripstone_block":1,"minecraft:jungle_planks":12,"minecraft:white_bed":3,"minecraft:dark_oak_log":10,"minecraft:spider_eye":18,"minecraft:leather_helmet":2,"minecraft:diamond":54,"minecraft:waxed_oxidized_copper_grate":12,"minecraft:breeze_rod":7,"minecraft:diamond_axe":1,"minecraft:golden_apple":1,"minecraft:bread":2,"minecraft:emerald":28,"minecraft:warped_roots":44,"minecraft:oak_button":2,"minecraft:netherrack":121,"minecraft:baked_potato":11,"minecraft:oak_sapling":16,"minecraft:coal":48,"minecraft:chiseled_tuff_bricks":1},"minecraft:killed":{"minecraft:spider":35,"minecraft:slime":1,"minecraft:skeleton":1,"minecraft:horse":1,"minecraft:chicken":2,"minecraft:iron_golem":3,"minecraft:creeper":2,"minecraft:zombie":29,"minecraft:stray":28,"minecraft:breeze":7}},"DataVersion":3953}