{"stats":{"minecraft:used":{"minecraft:wooden_axe":12,"minecraft:bread":3,"minecraft:iron_pickaxe":22,"minecraft:white_wool":1,"minecraft:crafting_table":3,"minecraft:acacia_planks":3},"minecraft:picked_up":{"minecraft:wooden_axe":1,"minecraft:sandstone":9,"minecraft:crafting_table":3,"minecraft:wheat":17,"minecraft:cut_sandstone":1,"minecraft:acacia_log":7,"minecraft:chiseled_sandstone":1,"minecraft:stone_pressure_plate":1,"minecraft:orange_terracotta":1,"minecraft:orange_bed":1,"minecraft:wheat_seeds":58,"minecraft:hay_block":93,"minecraft:iron_ingot":4,"minecraft:mutton":2,"minecraft:white_wool":1},"minecraft:dropped":{"minecraft:wheat_seeds":58,"minecraft:mutton":2,"minecraft:wooden_axe":2},"minecraft:killed":{"minecraft:sheep":1,"minecraft:armadillo":1,"minecraft:iron_golem":1},"minecraft:custom":{"minecraft:time_since_rest":5219,"minecraft:sprint_one_cm":64858,"minecraft:damage_taken":25,"minecraft:walk_one_cm":27270,"minecraft:mob_kills":3,"minecraft:drop":62,"minecraft:damage_dealt":1201,"minecraft:interact_with_crafting_table":4,"minecraft:swim_one_cm":15326,"minecraft:talked_to_villager":1,"minecraft:fly_one_cm":143129,"minecraft:open_chest":10,"minecraft:crouch_one_cm":32,"minecraft:play_time":16339,"minecraft:sneak_time":53,"minecraft:walk_under_water_one_cm":673,"minecraft:jump":506,"minecraft:leave_game":2,"minecraft:walk_on_water_one_cm":1281,"minecraft:time_since_death":16339,"minecraft:sleep_in_bed":1,"minecraft:climb_one_cm":129,"minecraft:total_world_time":16339,"minecraft:fall_one_cm":14330},"minecraft:mined":{"minecraft:hay_block":93,"minecraft:cut_sandstone":1,"minecraft:acacia_leaves":4,"minecraft:stone_pressure_plate":1,"minecraft:chiseled_sandstone":1,"minecraft:wheat":22,"minecraft:orange_terracotta":1,"minecraft:crafting_table":3,"minecraft:short_grass":12,"minecraft:acacia_log":7,"minecraft:tall_grass":4,"minecraft:sandstone":9,"minecraft:orange_bed":1},"minecraft:crafted":{"minecraft:crafting_table":1,"minecraft:stick":8,"minecraft:iron_ingot":1,"minecraft:iron_pickaxe":1,"minecraft:wooden_axe":1,"minecraft:acacia_planks":28,"minecraft:bread":284,"minecraft:wheat":837}},"DataVersion":3953}