{"stats":{"minecraft:broken":{"minecraft:diamond_helmet":2,"minecraft:diamond_boots":1,"minecraft:shield":1},"minecraft:mined":{"minecraft:spruce_planks":27,"minecraft:white_bed":5,"minecraft:granite":13,"minecraft:chiseled_polished_blackstone":1,"minecraft:grass_block":365,"minecraft:cracked_polished_blackstone_bricks":45,"minecraft:composter":1,"minecraft:oak_wall_sign":3,"minecraft:tuff_bricks":1,"minecraft:spawner":1,"minecraft:polished_blackstone_bricks":120,"minecraft:magma_block":2,"minecraft:iron_ore":38,"minecraft:fire":16,"minecraft:cobbled_deepslate":2,"minecraft:polished_tuff":1,"minecraft:azure_bluet":1,"minecraft:enchanting_table":1,"minecraft:water_cauldron":6,"minecraft:dirt_path":5,"minecraft:oak_stairs":2,"minecraft:iron_bars":3,"minecraft:polished_tuff_slab":2,"minecraft:end_stone_bricks":3,"minecraft:tripwire":5,"minecraft:blackstone":58,"minecraft:crimson_nylium":1,"minecraft:powder_snow":6,"minecraft:torch":1,"minecraft:glass":4,"minecraft:cobblestone":23,"minecraft:nether_quartz_ore":1,"minecraft:oak_planks":189,"minecraft:grindstone":2,"minecraft:sugar_cane":1866,"minecraft:iron_door":3,"minecraft:wall_torch":4,"minecraft:waxed_copper_bulb":1,"minecraft:red_candle":4,"minecraft:warped_nylium":2,"minecraft:birch_log":121,"minecraft:waxed_copper_block":1,"minecraft:warped_fungus":2,"minecraft:purpur_block":5,"minecraft:oak_log":840,"minecraft:sand":4,"minecraft:dirt":388,"minecraft:tripwire_hook":4,"minecraft:netherrack":434,"minecraft:oak_leaves":96,"minecraft:deepslate":59,"minecraft:oak_door":1,"minecraft:dark_oak_log":9,"minecraft:end_stone":1093,"minecraft:shulker_box":89,"minecraft:nether_bricks":1,"minecraft:decorated_pot":26,"minecraft:jungle_planks":2,"minecraft:spruce_leaves":683,"minecraft:cartography_table":3,"minecraft:hay_block":33,"minecraft:redstone_ore":4,"minecraft:oak_trapdoor":12,"minecraft:spruce_sapling":2,"minecraft:carrots":217,"minecraft:waxed_copper_grate":5,"minecraft:andesite":102,"minecraft:gold_block":19,"minecraft:bookshelf":3,"minecraft:deepslate_iron_ore":1,"minecraft:warped_stem":6,"minecraft:packed_ice":8,"minecraft:waxed_weathered_copper_bulb":1,"minecraft:stone":1219,"minecraft:bone_block":34,"minecraft:white_wool":3,"minecraft:podzol":6,"minecraft:oak_slab":5,"minecraft:magenta_stained_glass":2,"minecraft:basalt":11,"minecraft:crafting_table":9,"minecraft:short_grass":83,"minecraft:blackstone_slab":2,"minecraft:lectern":58,"minecraft:copper_ore":8,"minecraft:purpur_pillar":2,"minecraft:tall_grass":4,"minecraft:red_glazed_terracotta":2,"minecraft:lapis_ore":10,"minecraft:diorite":30,"minecraft:waxed_oxidized_copper_grate":4,"minecraft:spruce_log":1464,"minecraft:birch_leaves":3,"minecraft:yellow_bed":15,"minecraft:coal_ore":104,"minecraft:end_rod":3,"minecraft:gravel":4,"minecraft:cobweb":18,"minecraft:cracked_stone_bricks":1,"minecraft:oak_button":3,"minecraft:stone_bricks":4,"minecraft:mossy_stone_bricks":1},"minecraft:killed_by":{"minecraft:zombified_piglin":1,"minecraft:pillager":1,"minecraft:zombie":5,"minecraft:player":3,"minecraft:stray":2,"minecraft:enderman":4,"minecraft:ender_dragon":3,"minecraft:shulker":4,"minecraft:skeleton":2},"minecraft:custom":{"minecraft:interact_with_crafting_table":107,"minecraft:open_barrel":24,"minecraft:open_shulker_box":245,"minecraft:leave_game":18,"minecraft:time_since_death":4682,"minecraft:sprint_one_cm":2221585,"minecraft:damage_blocked_by_shield":3695,"minecraft:drop":5144,"minecraft:talked_to_villager":100,"minecraft:play_time":720762,"minecraft:deaths":49,"minecraft:jump":10946,"minecraft:interact_with_brewingstand":1,"minecraft:walk_on_water_one_cm":127236,"minecraft:enchant_item":14,"minecraft:interact_with_furnace":24,"minecraft:traded_with_villager":147,"minecraft:sleep_in_bed":32,"minecraft:damage_dealt":43559,"minecraft:player_kills":2,"minecraft:crouch_one_cm":112365,"minecraft:inspect_dispenser":30,"minecraft:interact_with_anvil":10,"minecraft:mob_kills":234,"minecraft:climb_one_cm":6688,"minecraft:walk_one_cm":1826405,"minecraft:sneak_time":26501,"minecraft:walk_under_water_one_cm":51515,"minecraft:boat_one_cm":86294,"minecraft:total_world_time":720762,"minecraft:interact_with_grindstone":10,"minecraft:time_since_rest":4703,"minecraft:damage_taken":25598,"minecraft:swim_one_cm":23158,"minecraft:fly_one_cm":2250516,"minecraft:open_chest":156,"minecraft:aviate_one_cm":729356,"minecraft:fall_one_cm":362505},"minecraft:used":{"minecraft:tuff_bricks":1,"minecraft:elytra":30,"minecraft:ladder":2,"minecraft:poppy":7,"minecraft:bone_block":63,"minecraft:oak_sign":9,"minecraft:decorated_pot":1,"minecraft:chest":19,"minecraft:shield":55,"minecraft:carrot":223,"minecraft:obsidian":2,"minecraft:lava_bucket":20,"minecraft:waxed_oxidized_copper_grate":2,"minecraft:lantern":11,"minecraft:stone_bricks":3,"minecraft:bow":110,"minecraft:warped_fungus":2,"minecraft:hay_block":3,"minecraft:ominous_bottle":1,"minecraft:oak_sapling":3,"minecraft:furnace":2,"minecraft:gold_block":2,"minecraft:egg":1,"minecraft:leather_leggings":1,"minecraft:mossy_stone_bricks":5,"minecraft:diorite":5,"minecraft:diamond_boots":1,"minecraft:oak_planks":1630,"minecraft:blackstone":56,"minecraft:ender_pearl":103,"minecraft:diamond_axe":3526,"minecraft:sugar_cane":21,"minecraft:jungle_boat":1,"minecraft:end_stone":979,"minecraft:polished_tuff":1,"minecraft:string":13,"minecraft:bread":70,"minecraft:lectern":60,"minecraft:gravel":1,"minecraft:chiseled_tuff_bricks":1,"minecraft:diamond_sword":729,"minecraft:grindstone":1,"minecraft:andesite":53,"minecraft:purpur_block":2,"minecraft:oak_trapdoor":14,"minecraft:iron_bars":3,"minecraft:enchanting_table":2,"minecraft:flint_and_steel":2,"minecraft:spruce_planks":47,"minecraft:trial_key":6,"minecraft:netherrack":417,"minecraft:oak_door":3,"minecraft:dirt":530,"minecraft:torch":88,"minecraft:anvil":1,"minecraft:diamond_helmet":2,"minecraft:shulker_box":90,"minecraft:bookshelf":35,"minecraft:oak_stairs":24,"minecraft:diamond_chestplate":30,"minecraft:tripwire_hook":4,"minecraft:basalt":6,"minecraft:golden_carrot":88,"minecraft:cooked_beef":27,"minecraft:cobbled_deepslate":87,"minecraft:water_bucket":656,"minecraft:cartography_table":3,"minecraft:cracked_stone_bricks":1,"minecraft:waxed_copper_block":1,"minecraft:polished_blackstone_bricks":107,"minecraft:oak_slab":6,"minecraft:crafting_table":15,"minecraft:white_bed":4,"minecraft:spruce_log":34,"minecraft:oak_log":9,"minecraft:flower_pot":1,"minecraft:diamond_pickaxe":3636,"minecraft:diamond_shovel":694,"minecraft:wind_charge":8,"minecraft:cracked_polished_blackstone_bricks":43,"minecraft:oak_button":6,"minecraft:iron_pickaxe":26,"minecraft:leather_helmet":1,"minecraft:spruce_sapling":129,"minecraft:cobblestone":147,"minecraft:potion":3,"minecraft:bucket":677,"minecraft:yellow_bed":15,"minecraft:diamond_leggings":1},"minecraft:crafted":{"minecraft:oak_planks":3305,"minecraft:cobblestone_slab":1088,"minecraft:oak_sign":6,"minecraft:diamond_shovel":1,"minecraft:bookshelf":37,"minecraft:shulker_box":6,"minecraft:glass":12,"minecraft:hopper":4,"minecraft:diamond_helmet":2,"minecraft:diamond_leggings":2,"minecraft:chest":32,"minecraft:oak_button":2,"minecraft:oak_slab":6,"minecraft:emerald":128,"minecraft:diamond_axe":1,"minecraft:crafting_table":10,"minecraft:spruce_planks":508,"minecraft:jungle_boat":1,"minecraft:birch_planks":448,"minecraft:lectern":2,"minecraft:book":29,"minecraft:paper":3471,"minecraft:diamond_pickaxe":1,"minecraft:shield":2,"minecraft:stick":168,"minecraft:iron_pickaxe":1,"minecraft:compass":4,"minecraft:iron_ingot":64,"minecraft:iron_block":3,"minecraft:shears":1,"minecraft:oak_door":3,"minecraft:tripwire_hook":4,"minecraft:furnace":1,"minecraft:bone_meal":108,"minecraft:oak_trapdoor":466,"minecraft:flint_and_steel":1,"minecraft:lantern":12,"minecraft:ladder":66,"minecraft:spruce_slab":6,"minecraft:diamond_boots":1,"minecraft:dark_oak_planks":40,"minecraft:wheat":261,"minecraft:cooked_beef":37,"minecraft:diamond_sword":1,"minecraft:enchanting_table":1,"minecraft:bucket":1,"minecraft:bread":87,"minecraft:air":0,"minecraft:oak_boat":1,"minecraft:birch_trapdoor":116,"minecraft:oak_stairs":32,"minecraft:anvil":1,"minecraft:torch":96,"minecraft:diamond_chestplate":1},"minecraft:dropped":{"minecraft:guster_pottery_sherd":2,"minecraft:warped_stem":6,"minecraft:diamond_axe":1,"minecraft:cooked_beef":13,"minecraft:chorus_fruit":46,"minecraft:glass_bottle":4,"minecraft:crafting_table":1,"minecraft:lantern":1,"minecraft:honeycomb":11,"minecraft:jungle_planks":3,"minecraft:cracked_stone_bricks":1,"minecraft:leather_helmet":4,"minecraft:flint":1,"minecraft:emerald":5,"minecraft:dirt":49,"minecraft:stone_button":2,"minecraft:cornflower":1,"minecraft:scrape_pottery_sherd":1,"minecraft:snowball":7,"minecraft:bone_meal":108,"minecraft:sunflower":8,"minecraft:iron_pickaxe":3,"minecraft:birch_log":8,"minecraft:white_wool":3,"minecraft:bone":12,"minecraft:oak_door":2,"minecraft:chiseled_polished_blackstone":1,"minecraft:purpur_block":5,"minecraft:compass":8,"minecraft:sugar_cane":9,"minecraft:cooked_chicken":4,"minecraft:cobbled_deepslate":44,"minecraft:birch_sapling":4,"minecraft:obsidian":11,"minecraft:pointed_dripstone":2,"minecraft:rotten_flesh":22,"minecraft:oak_planks":66,"minecraft:diamond_shovel":2,"minecraft:end_stone":43,"minecraft:azure_bluet":8,"minecraft:honey_bottle":1,"minecraft:carrot":5,"minecraft:poppy":10,"minecraft:tipped_arrow":20,"minecraft:gunpowder":2,"minecraft:red_candle":4,"minecraft:beetroot_seeds":5,"minecraft:lingering_potion":4,"minecraft:ladder":2,"minecraft:leather_leggings":3,"minecraft:spruce_slab":2,"minecraft:blackstone_slab":2,"minecraft:arrow":14,"minecraft:end_stone_bricks":4,"minecraft:glass":8,"minecraft:beef":45,"minecraft:netherrack":58,"minecraft:enchanted_book":4,"minecraft:iron_ingot":2,"minecraft:bread":37,"minecraft:oak_slab":1,"minecraft:wheat_seeds":39,"minecraft:dripstone_block":1,"minecraft:diamond_leggings":3,"minecraft:feather":1,"minecraft:cobblestone":427,"minecraft:book":2,"minecraft:waxed_copper_grate":2,"minecraft:polished_tuff":1,"minecraft:apple":21,"minecraft:granite":10,"minecraft:coal":24,"minecraft:end_rod":4,"minecraft:stick":54,"minecraft:diorite":28,"minecraft:golden_carrot":7,"minecraft:torch":1,"minecraft:waxed_weathered_copper_bulb":1,"minecraft:lodestone":1,"minecraft:iron_door":6,"minecraft:potion":5,"minecraft:oak_stairs":11,"minecraft:jungle_boat":2,"minecraft:iron_axe":1,"minecraft:paper":17,"minecraft:string":3443,"minecraft:tripwire_hook":4,"minecraft:bucket":2,"minecraft:spruce_sapling":7,"minecraft:dandelion":18,"minecraft:redstone":20,"minecraft:purpur_pillar":2,"minecraft:tuff_bricks":6,"minecraft:oak_trapdoor":1,"minecraft:warped_nylium":1,"minecraft:flow_pottery_sherd":2,"minecraft:raw_copper":107,"minecraft:polished_tuff_slab":2,"minecraft:tuff":104,"minecraft:raw_iron":50,"minecraft:composter":1,"minecraft:chicken":3,"minecraft:iron_boots":1,"minecraft:nether_bricks":1,"minecraft:shears":1,"minecraft:filled_map":1,"minecraft:diamond_sword":3,"minecraft:oak_button":1,"minecraft:trial_key":9,"minecraft:allium":1,"minecraft:diamond_chestplate":3,"minecraft:spruce_planks":206,"minecraft:iron_chestplate":2,"minecraft:diamond_pickaxe":1,"minecraft:andesite":51,"minecraft:oak_sapling":84,"minecraft:golden_sword":1,"minecraft:spider_eye":18,"minecraft:stone_bricks":3,"minecraft:diamond_boots":1,"minecraft:spruce_log":1,"minecraft:bow":1,"minecraft:magma_block":1,"minecraft:waxed_oxidized_copper_grate":10,"minecraft:brick":75},"minecraft:picked_up":{"minecraft:iron_chestplate":2,"minecraft:flower_pot":1,"minecraft:lead":9,"minecraft:diamond_sword":2,"minecraft:oak_stairs":3,"minecraft:potion":7,"minecraft:enchanted_book":3,"minecraft:golden_sword":1,"minecraft:string":3336,"minecraft:raw_copper":107,"minecraft:red_candle":4,"minecraft:oak_sign":3,"minecraft:diamond_leggings":1,"minecraft:cobbled_deepslate":131,"minecraft:bucket":1,"minecraft:spruce_planks":29,"minecraft:trial_key":19,"minecraft:cobblestone_slab":4,"minecraft:iron_pickaxe":2,"minecraft:tipped_arrow":20,"minecraft:stick":160,"minecraft:composter":1,"minecraft:torch":17,"minecraft:purpur_pillar":2,"minecraft:waxed_weathered_copper_bulb":1,"minecraft:waxed_copper_grate":2,"minecraft:pointed_dripstone":2,"minecraft:diorite":33,"minecraft:rotten_flesh":22,"minecraft:end_rod":4,"minecraft:obsidian":4,"minecraft:iron_bars":3,"minecraft:snowball":7,"minecraft:cobblestone":1575,"minecraft:birch_log":120,"minecraft:enchanting_table":1,"minecraft:magma_block":1,"minecraft:feather":1,"minecraft:cooked_beef":3,"minecraft:iron_door":6,"minecraft:andesite":104,"minecraft:flint":2,"minecraft:tuff":60,"minecraft:lapis_lazuli":111,"minecraft:dirt":776,"minecraft:bone":48,"minecraft:bow":2,"minecraft:wheat_seeds":43,"minecraft:grindstone":2,"minecraft:mossy_stone_bricks":5,"minecraft:diamond_helmet":1,"minecraft:oak_planks":219,"minecraft:scrape_pottery_sherd":1,"minecraft:chiseled_polished_blackstone":1,"minecraft:sand":4,"minecraft:jungle_planks":12,"minecraft:dark_oak_log":10,"minecraft:shulker_box":89,"minecraft:diamond":118,"minecraft:waxed_oxidized_copper_grate":12,"minecraft:cracked_polished_blackstone_bricks":43,"minecraft:granite":10,"minecraft:crossbow":1,"minecraft:breeze_rod":7,"minecraft:bone_meal":50,"minecraft:golden_apple":1,"minecraft:emerald":28,"minecraft:bread":2,"minecraft:oak_sapling":91,"minecraft:netherrack":475,"minecraft:chorus_fruit":46,"minecraft:diamond_pickaxe":1,"minecraft:end_stone_bricks":4,"minecraft:crafting_table":9,"minecraft:allium":1,"minecraft:azure_bluet":8,"minecraft:ominous_bottle":1,"minecraft:chicken":3,"minecraft:ladder":2,"minecraft:leather_leggings":2,"minecraft:gold_block":19,"minecraft:purpur_block":7,"minecraft:brick":93,"minecraft:wind_charge":11,"minecraft:cornflower":1,"minecraft:oak_trapdoor":13,"minecraft:elytra":1,"minecraft:iron_axe":1,"minecraft:compass":4,"minecraft:blackstone":56,"minecraft:cracked_stone_bricks":2,"minecraft:cartography_table":3,"minecraft:beef":82,"minecraft:poppy":17,"minecraft:lectern":58,"minecraft:guster_pottery_sherd":2,"minecraft:sugar_cane":3567,"minecraft:chest":1,"minecraft:birch_sapling":4,"minecraft:egg":2,"minecraft:raw_iron":114,"minecraft:end_stone":1022,"minecraft:oak_door":2,"minecraft:polished_blackstone_bricks":107,"minecraft:flow_pottery_sherd":2,"minecraft:stone_button":2,"minecraft:carrot":826,"minecraft:redstone":20,"minecraft:arrow":72,"minecraft:diamond_chestplate":3,"minecraft:decorated_pot":1,"minecraft:beetroot_seeds":5,"minecraft:nether_bricks":1,"minecraft:hay_block":32,"minecraft:saddle":1,"minecraft:tuff_bricks":7,"minecraft:bone_block":26,"minecraft:white_wool":3,"minecraft:jungle_boat":2,"minecraft:basalt":6,"minecraft:golden_carrot":68,"minecraft:tripwire_hook":4,"minecraft:leather":29,"minecraft:blackstone_slab":2,"minecraft:filled_map":1,"minecraft:oak_log":836,"minecraft:waxed_copper_block":1,"minecraft:yellow_bed":15,"minecraft:gunpowder":2,"minecraft:apple":14,"minecraft:stone_bricks":6,"minecraft:warped_stem":6,"minecraft:iron_ingot":37,"minecraft:polished_tuff_slab":2,"minecraft:cooked_chicken":4,"minecraft:glass_bottle":1,"minecraft:book":57,"minecraft:oak_slab":5,"minecraft:warped_fungus":2,"minecraft:emerald_block":1,"minecraft:dandelion":18,"minecraft:dripstone_block":1,"minecraft:gravel":3,"minecraft:spruce_sapling":136,"minecraft:white_bed":4,"minecraft:spruce_log":1455,"minecraft:dragon_egg":1,"minecraft:spider_eye":18,"minecraft:polished_tuff":2,"minecraft:leather_helmet":2,"minecraft:diamond_shovel":2,"minecraft:diamond_axe":1,"minecraft:warped_roots":44,"minecraft:oak_button":5,"minecraft:baked_potato":11,"minecraft:sunflower":8,"minecraft:warped_nylium":1,"minecraft:coal":201,"minecraft:chiseled_tuff_bricks":1,"minecraft:hopper":4,"minecraft:ender_pearl":108,"minecraft:shulker_shell":15},"minecraft:killed":{"minecraft:zombified_piglin":3,"minecraft:spider":37,"minecraft:shulker":24,"minecraft:skeleton":6,"minecraft:chicken":3,"minecraft:piglin_brute":1,"minecraft:piglin":22,"minecraft:iron_golem":3,"minecraft:ender_dragon":1,"minecraft:creeper":3,"minecraft:pillager":3,"minecraft:zombie":35,"minecraft:ghast":4,"minecraft:stray":28,"minecraft:blaze":1,"minecraft:cow":23,"minecraft:slime":1,"minecraft:horse":3,"minecraft:wandering_trader":1,"minecraft:breeze":7,"minecraft:enderman":17}},"DataVersion":3953}