{"stats":{"minecraft:broken":{"minecraft:diamond_helmet":2,"minecraft:diamond_boots":1,"minecraft:shield":1},"minecraft:mined":{"minecraft:spruce_planks":59,"minecraft:white_bed":5,"minecraft:granite":13,"minecraft:chiseled_polished_blackstone":1,"minecraft:grass_block":365,"minecraft:cracked_polished_blackstone_bricks":45,"minecraft:composter":5,"minecraft:hopper":2,"minecraft:oak_wall_sign":3,"minecraft:tuff_bricks":1,"minecraft:spawner":1,"minecraft:polished_blackstone_bricks":120,"minecraft:tall_seagrass":2,"minecraft:magma_block":63,"minecraft:iron_ore":39,"minecraft:fire":142,"minecraft:cobbled_deepslate":2,"minecraft:polished_tuff":1,"minecraft:fletching_table":16,"minecraft:azure_bluet":1,"minecraft:enchanting_table":2,"minecraft:water_cauldron":6,"minecraft:dirt_path":5,"minecraft:oak_stairs":2,"minecraft:iron_bars":3,"minecraft:polished_tuff_slab":2,"minecraft:end_stone_bricks":3,"minecraft:tripwire":5,"minecraft:blackstone":114,"minecraft:crimson_nylium":1,"minecraft:powder_snow":6,"minecraft:torch":2,"minecraft:chest":1,"minecraft:glass":8,"minecraft:cobblestone":35,"minecraft:nether_quartz_ore":305,"minecraft:damaged_anvil":3,"minecraft:oak_planks":240,"minecraft:sugar_cane":2028,"minecraft:grindstone":2,"minecraft:iron_door":17,"minecraft:wall_torch":7,"minecraft:waxed_copper_bulb":1,"minecraft:red_candle":4,"minecraft:warped_nylium":2,"minecraft:birch_log":121,"minecraft:waxed_copper_block":1,"minecraft:warped_fungus":2,"minecraft:purpur_block":5,"minecraft:oak_log":840,"minecraft:sand":4,"minecraft:dirt":393,"minecraft:tripwire_hook":4,"minecraft:ancient_debris":6,"minecraft:netherrack":4843,"minecraft:deepslate":59,"minecraft:oak_leaves":96,"minecraft:nether_gold_ore":19,"minecraft:mossy_cobblestone":1,"minecraft:oak_door":1,"minecraft:dark_oak_log":9,"minecraft:end_stone":1449,"minecraft:shulker_box":156,"minecraft:nether_bricks":1,"minecraft:decorated_pot":26,"minecraft:jungle_planks":2,"minecraft:spruce_leaves":683,"minecraft:cartography_table":3,"minecraft:hay_block":33,"minecraft:redstone_ore":4,"minecraft:oak_trapdoor":15,"minecraft:spruce_sapling":2,"minecraft:furnace":3,"minecraft:carrots":218,"minecraft:waxed_copper_grate":5,"minecraft:andesite":102,"minecraft:gold_block":19,"minecraft:bookshelf":48,"minecraft:deepslate_iron_ore":1,"minecraft:warped_stem":6,"minecraft:rail":8,"minecraft:packed_ice":8,"minecraft:waxed_weathered_copper_bulb":1,"minecraft:white_tulip":1,"minecraft:stone":1227,"minecraft:bone_block":34,"minecraft:white_wool":3,"minecraft:podzol":6,"minecraft:oak_slab":5,"minecraft:magenta_stained_glass":2,"minecraft:basalt":11,"minecraft:spruce_door":3,"minecraft:crafting_table":15,"minecraft:short_grass":96,"minecraft:blackstone_slab":2,"minecraft:lectern":96,"minecraft:copper_ore":8,"minecraft:purpur_pillar":2,"minecraft:tall_grass":5,"minecraft:red_glazed_terracotta":2,"minecraft:lapis_ore":10,"minecraft:diorite":30,"minecraft:spruce_stairs":1,"minecraft:waxed_oxidized_copper_grate":4,"minecraft:spruce_log":1464,"minecraft:birch_leaves":49,"minecraft:yellow_bed":23,"minecraft:coal_ore":137,"minecraft:end_rod":3,"minecraft:sunflower":11,"minecraft:gravel":24,"minecraft:cobweb":23,"minecraft:cracked_stone_bricks":3,"minecraft:spruce_fence_gate":15,"minecraft:oak_button":3,"minecraft:stone_bricks":5,"minecraft:mossy_stone_bricks":2,"minecraft:chipped_anvil":1},"minecraft:killed_by":{"minecraft:zombified_piglin":1,"minecraft:creeper":1,"minecraft:pillager":1,"minecraft:zombie":5,"minecraft:player":3,"minecraft:stray":2,"minecraft:enderman":5,"minecraft:ender_dragon":3,"minecraft:shulker":4,"minecraft:skeleton":2},"minecraft:custom":{"minecraft:interact_with_crafting_table":134,"minecraft:open_barrel":24,"minecraft:open_shulker_box":395,"minecraft:leave_game":22,"minecraft:time_since_death":727,"minecraft:sprint_one_cm":2854402,"minecraft:damage_blocked_by_shield":4130,"minecraft:drop":6600,"minecraft:talked_to_villager":238,"minecraft:play_time":923121,"minecraft:deaths":54,"minecraft:jump":14625,"minecraft:interact_with_brewingstand":1,"minecraft:walk_on_water_one_cm":190328,"minecraft:enchant_item":14,"minecraft:interact_with_furnace":31,"minecraft:traded_with_villager":342,"minecraft:sleep_in_bed":37,"minecraft:damage_dealt":60142,"minecraft:player_kills":3,"minecraft:crouch_one_cm":121525,"minecraft:inspect_dispenser":31,"minecraft:interact_with_smithing_table":5,"minecraft:interact_with_anvil":24,"minecraft:mob_kills":361,"minecraft:inspect_hopper":1,"minecraft:climb_one_cm":7234,"minecraft:walk_one_cm":2503415,"minecraft:sneak_time":29853,"minecraft:walk_under_water_one_cm":144558,"minecraft:boat_one_cm":252557,"minecraft:total_world_time":923121,"minecraft:interact_with_grindstone":10,"minecraft:time_since_rest":742,"minecraft:damage_absorbed":22,"minecraft:damage_taken":28904,"minecraft:minecart_one_cm":0,"minecraft:swim_one_cm":207839,"minecraft:fly_one_cm":2620406,"minecraft:open_chest":220,"minecraft:aviate_one_cm":2123301,"minecraft:fall_one_cm":410315},"minecraft:used":{"minecraft:tuff_bricks":1,"minecraft:elytra":47,"minecraft:ladder":2,"minecraft:poppy":7,"minecraft:bone_block":67,"minecraft:oak_sign":9,"minecraft:decorated_pot":1,"minecraft:chest":22,"minecraft:shield":64,"minecraft:carrot":266,"minecraft:obsidian":2,"minecraft:glass":16,"minecraft:lava_bucket":20,"minecraft:waxed_oxidized_copper_grate":2,"minecraft:lantern":12,"minecraft:stone_bricks":5,"minecraft:bow":116,"minecraft:warped_fungus":2,"minecraft:hay_block":3,"minecraft:ominous_bottle":1,"minecraft:oak_sapling":3,"minecraft:furnace":4,"minecraft:gold_block":2,"minecraft:egg":1,"minecraft:damaged_anvil":3,"minecraft:diorite":5,"minecraft:spruce_door":3,"minecraft:mossy_stone_bricks":5,"minecraft:leather_leggings":1,"minecraft:diamond_boots":1,"minecraft:birch_leaves":32,"minecraft:oak_planks":1656,"minecraft:blackstone":56,"minecraft:ender_pearl":114,"minecraft:composter":4,"minecraft:diamond_axe":3746,"minecraft:sugar_cane":49,"minecraft:jungle_boat":1,"minecraft:golden_apple":1,"minecraft:end_stone":1044,"minecraft:shears":46,"minecraft:polished_tuff":1,"minecraft:firework_rocket":30,"minecraft:string":15,"minecraft:bread":70,"minecraft:lectern":114,"minecraft:gravel":10,"minecraft:chiseled_tuff_bricks":1,"minecraft:diamond_sword":1003,"minecraft:smithing_table":1,"minecraft:grindstone":1,"minecraft:andesite":53,"minecraft:oak_boat":1,"minecraft:experience_bottle":1,"minecraft:purpur_block":2,"minecraft:oak_trapdoor":23,"minecraft:iron_bars":3,"minecraft:enchanting_table":2,"minecraft:flint_and_steel":10,"minecraft:spruce_planks":270,"minecraft:trial_key":6,"minecraft:netherrack":705,"minecraft:dirt":569,"minecraft:oak_door":3,"minecraft:torch":130,"minecraft:anvil":1,"minecraft:white_carpet":6,"minecraft:hopper":8,"minecraft:diamond_helmet":2,"minecraft:shulker_box":157,"minecraft:chipped_anvil":1,"minecraft:bookshelf":97,"minecraft:oak_stairs":24,"minecraft:diamond_chestplate":46,"minecraft:tripwire_hook":4,"minecraft:golden_carrot":121,"minecraft:basalt":6,"minecraft:cooked_beef":27,"minecraft:cobbled_deepslate":87,"minecraft:water_bucket":703,"minecraft:cartography_table":3,"minecraft:fletching_table":16,"minecraft:spruce_fence_gate":40,"minecraft:cracked_stone_bricks":2,"minecraft:waxed_copper_block":1,"minecraft:polished_blackstone_bricks":107,"minecraft:crafting_table":24,"minecraft:oak_slab":6,"minecraft:white_bed":4,"minecraft:spruce_log":34,"minecraft:oak_log":9,"minecraft:flower_pot":1,"minecraft:ender_eye":6,"minecraft:diamond_pickaxe":9014,"minecraft:diamond_shovel":694,"minecraft:wind_charge":8,"minecraft:cracked_polished_blackstone_bricks":43,"minecraft:oak_button":6,"minecraft:iron_pickaxe":26,"minecraft:leather_helmet":1,"minecraft:spruce_sapling":129,"minecraft:cobblestone":157,"minecraft:potion":3,"minecraft:bucket":725,"minecraft:diamond_leggings":2,"minecraft:yellow_bed":22},"minecraft:crafted":{"minecraft:oak_planks":3305,"minecraft:cobblestone_slab":1088,"minecraft:oak_sign":6,"minecraft:diamond_shovel":1,"minecraft:bookshelf":37,"minecraft:shulker_box":6,"minecraft:glass":28,"minecraft:hopper":6,"minecraft:diamond_helmet":2,"minecraft:diamond_leggings":2,"minecraft:chest":39,"minecraft:oak_button":2,"minecraft:netherite_upgrade_smithing_template":6,"minecraft:ender_eye":3,"minecraft:name_tag":1,"minecraft:oak_slab":6,"minecraft:arrow":128,"minecraft:emerald":292,"minecraft:diamond_axe":1,"minecraft:crafting_table":11,"minecraft:spruce_planks":2876,"minecraft:jungle_boat":1,"minecraft:smithing_table":1,"minecraft:fletching_table":1,"minecraft:birch_planks":448,"minecraft:lectern":2,"minecraft:book":29,"minecraft:paper":3762,"minecraft:diamond_pickaxe":2,"minecraft:shield":2,"minecraft:stick":2756,"minecraft:iron_pickaxe":1,"minecraft:compass":4,"minecraft:iron_ingot":64,"minecraft:iron_block":3,"minecraft:netherite_ingot":1,"minecraft:spruce_fence_gate":48,"minecraft:shears":2,"minecraft:oak_door":3,"minecraft:tripwire_hook":4,"minecraft:furnace":1,"minecraft:bone_meal":108,"minecraft:white_carpet":6,"minecraft:oak_trapdoor":466,"minecraft:flint_and_steel":1,"minecraft:lantern":12,"minecraft:ladder":66,"minecraft:spruce_slab":6,"minecraft:diamond_boots":1,"minecraft:netherite_scrap":6,"minecraft:dark_oak_planks":40,"minecraft:wheat":261,"minecraft:cooked_beef":37,"minecraft:diamond_sword":1,"minecraft:enchanting_table":1,"minecraft:bucket":1,"minecraft:enchanted_book":18,"minecraft:bread":87,"minecraft:air":0,"minecraft:oak_boat":1,"minecraft:white_wool":4,"minecraft:birch_trapdoor":116,"minecraft:oak_stairs":32,"minecraft:anvil":1,"minecraft:torch":112,"minecraft:firework_rocket":30,"minecraft:diamond_chestplate":1},"minecraft:dropped":{"minecraft:guster_pottery_sherd":2,"minecraft:warped_stem":6,"minecraft:lapis_lazuli":1,"minecraft:diamond_axe":1,"minecraft:cooked_beef":13,"minecraft:chorus_fruit":46,"minecraft:ender_pearl":29,"minecraft:glass_bottle":4,"minecraft:crafting_table":1,"minecraft:lantern":1,"minecraft:honeycomb":11,"minecraft:jungle_planks":3,"minecraft:fletching_table":1,"minecraft:cracked_stone_bricks":1,"minecraft:saddle":2,"minecraft:leather_helmet":4,"minecraft:emerald":15,"minecraft:flint":1,"minecraft:dirt":49,"minecraft:stone_button":2,"minecraft:cornflower":1,"minecraft:scrape_pottery_sherd":1,"minecraft:snowball":7,"minecraft:bone_meal":208,"minecraft:sunflower":15,"minecraft:iron_pickaxe":3,"minecraft:birch_log":8,"minecraft:white_wool":3,"minecraft:bone":12,"minecraft:oak_door":3,"minecraft:chiseled_polished_blackstone":1,"minecraft:purpur_block":5,"minecraft:compass":8,"minecraft:sugar_cane":75,"minecraft:ancient_debris":1,"minecraft:cooked_chicken":4,"minecraft:cobbled_deepslate":44,"minecraft:birch_sapling":4,"minecraft:obsidian":11,"minecraft:pointed_dripstone":2,"minecraft:rotten_flesh":28,"minecraft:oak_planks":88,"minecraft:diamond_shovel":2,"minecraft:end_stone":548,"minecraft:azure_bluet":8,"minecraft:honey_bottle":1,"minecraft:carrot":17,"minecraft:poppy":10,"minecraft:tipped_arrow":20,"minecraft:gunpowder":2,"minecraft:red_candle":4,"minecraft:beetroot_seeds":5,"minecraft:lingering_potion":4,"minecraft:ladder":2,"minecraft:leather_leggings":3,"minecraft:spruce_slab":2,"minecraft:blackstone_slab":2,"minecraft:arrow":14,"minecraft:end_stone_bricks":4,"minecraft:glass":12,"minecraft:beef":45,"minecraft:quartz":62,"minecraft:netherrack":291,"minecraft:lectern":48,"minecraft:enchanted_book":4,"minecraft:iron_ingot":2,"minecraft:bread":37,"minecraft:oak_slab":1,"minecraft:birch_leaves":10,"minecraft:wheat_seeds":40,"minecraft:minecart":1,"minecraft:dripstone_block":1,"minecraft:bookshelf":773,"minecraft:diamond_leggings":3,"minecraft:feather":1,"minecraft:cobblestone":429,"minecraft:book":11,"minecraft:waxed_copper_grate":2,"minecraft:polished_tuff":1,"minecraft:apple":21,"minecraft:granite":10,"minecraft:spruce_stairs":2,"minecraft:coal":24,"minecraft:golden_apple":1,"minecraft:spruce_fence_gate":23,"minecraft:stick":317,"minecraft:end_rod":4,"minecraft:diorite":28,"minecraft:golden_carrot":7,"minecraft:torch":23,"minecraft:waxed_weathered_copper_bulb":1,"minecraft:lodestone":1,"minecraft:iron_door":8,"minecraft:potion":5,"minecraft:oak_stairs":11,"minecraft:iron_axe":1,"minecraft:jungle_boat":2,"minecraft:paper":315,"minecraft:string":4524,"minecraft:tripwire_hook":4,"minecraft:bucket":2,"minecraft:spruce_sapling":7,"minecraft:redstone":20,"minecraft:dandelion":18,"minecraft:purpur_pillar":2,"minecraft:tuff_bricks":6,"minecraft:warped_nylium":1,"minecraft:oak_trapdoor":138,"minecraft:flow_pottery_sherd":2,"minecraft:raw_copper":107,"minecraft:polished_tuff_slab":2,"minecraft:tuff":104,"minecraft:raw_iron":52,"minecraft:composter":3,"minecraft:chicken":3,"minecraft:white_carpet":6,"minecraft:iron_boots":1,"minecraft:name_tag":1,"minecraft:nether_bricks":1,"minecraft:shears":2,"minecraft:filled_map":3,"minecraft:diamond_sword":3,"minecraft:cobblestone_slab":187,"minecraft:oak_button":1,"minecraft:trial_key":9,"minecraft:allium":1,"minecraft:diamond_chestplate":3,"minecraft:spruce_planks":280,"minecraft:iron_chestplate":2,"minecraft:diamond_pickaxe":1,"minecraft:andesite":51,"minecraft:oak_boat":4,"minecraft:oak_sapling":84,"minecraft:golden_sword":1,"minecraft:stone_bricks":3,"minecraft:spider_eye":18,"minecraft:diamond_boots":1,"minecraft:spruce_log":30,"minecraft:bow":1,"minecraft:magma_block":19,"minecraft:waxed_oxidized_copper_grate":10,"minecraft:brick":75},"minecraft:picked_up":{"minecraft:iron_chestplate":2,"minecraft:flower_pot":1,"minecraft:lead":9,"minecraft:diamond_sword":2,"minecraft:oak_stairs":3,"minecraft:enchanted_book":3,"minecraft:potion":7,"minecraft:golden_sword":1,"minecraft:string":6344,"minecraft:raw_copper":107,"minecraft:red_candle":4,"minecraft:oak_sign":3,"minecraft:diamond_leggings":1,"minecraft:cobbled_deepslate":131,"minecraft:bucket":1,"minecraft:spruce_planks":56,"minecraft:trial_key":19,"minecraft:cobblestone_slab":790,"minecraft:ender_eye":3,"minecraft:iron_pickaxe":2,"minecraft:furnace":3,"minecraft:tipped_arrow":20,"minecraft:stick":300,"minecraft:composter":7,"minecraft:birch_trapdoor":64,"minecraft:torch":50,"minecraft:purpur_pillar":2,"minecraft:spruce_stairs":2,"minecraft:waxed_weathered_copper_bulb":1,"minecraft:waxed_copper_grate":2,"minecraft:pointed_dripstone":2,"minecraft:diorite":33,"minecraft:rotten_flesh":28,"minecraft:bookshelf":384,"minecraft:end_rod":4,"minecraft:obsidian":9,"minecraft:iron_bars":3,"minecraft:snowball":7,"minecraft:cobblestone":1848,"minecraft:birch_log":120,"minecraft:enchanting_table":2,"minecraft:magma_block":19,"minecraft:feather":1,"minecraft:cooked_beef":3,"minecraft:iron_door":8,"minecraft:andesite":104,"minecraft:flint":4,"minecraft:tuff":60,"minecraft:lapis_lazuli":111,"minecraft:dirt":858,"minecraft:lantern":1,"minecraft:bone":50,"minecraft:chipped_anvil":1,"minecraft:bow":2,"minecraft:wheat_seeds":44,"minecraft:grindstone":2,"minecraft:mossy_stone_bricks":5,"minecraft:fletching_table":16,"minecraft:diamond_helmet":1,"minecraft:oak_planks":250,"minecraft:scrape_pottery_sherd":1,"minecraft:chiseled_polished_blackstone":1,"minecraft:sand":4,"minecraft:jungle_planks":12,"minecraft:dark_oak_log":10,"minecraft:shulker_box":156,"minecraft:spruce_fence_gate":15,"minecraft:diamond":118,"minecraft:waxed_oxidized_copper_grate":12,"minecraft:granite":10,"minecraft:cracked_polished_blackstone_bricks":43,"minecraft:crossbow":1,"minecraft:breeze_rod":7,"minecraft:bone_meal":100,"minecraft:golden_apple":2,"minecraft:emerald":58,"minecraft:bread":2,"minecraft:oak_sapling":91,"minecraft:netherrack":966,"minecraft:chorus_fruit":46,"minecraft:diamond_pickaxe":1,"minecraft:end_stone_bricks":4,"minecraft:crafting_table":15,"minecraft:allium":1,"minecraft:azure_bluet":8,"minecraft:chicken":3,"minecraft:ominous_bottle":1,"minecraft:ladder":66,"minecraft:leather_leggings":2,"minecraft:gold_block":19,"minecraft:purpur_block":7,"minecraft:brick":93,"minecraft:wind_charge":11,"minecraft:cornflower":1,"minecraft:oak_trapdoor":463,"minecraft:elytra":1,"minecraft:iron_axe":1,"minecraft:compass":4,"minecraft:white_carpet":6,"minecraft:blackstone":56,"minecraft:cracked_stone_bricks":3,"minecraft:cartography_table":3,"minecraft:beef":82,"minecraft:oak_boat":3,"minecraft:poppy":17,"minecraft:minecart":1,"minecraft:lectern":223,"minecraft:guster_pottery_sherd":2,"minecraft:sugar_cane":3886,"minecraft:chest":2,"minecraft:birch_sapling":5,"minecraft:egg":2,"minecraft:raw_iron":116,"minecraft:end_stone":1647,"minecraft:oak_door":3,"minecraft:polished_blackstone_bricks":107,"minecraft:flow_pottery_sherd":2,"minecraft:stone_button":2,"minecraft:carrot":967,"minecraft:redstone":20,"minecraft:arrow":72,"minecraft:diamond_chestplate":3,"minecraft:beetroot_seeds":5,"minecraft:decorated_pot":1,"minecraft:nether_bricks":1,"minecraft:hay_block":32,"minecraft:saddle":2,"minecraft:tuff_bricks":7,"minecraft:bone_block":27,"minecraft:rail":8,"minecraft:white_wool":3,"minecraft:birch_leaves":42,"minecraft:jungle_boat":2,"minecraft:basalt":6,"minecraft:golden_carrot":68,"minecraft:tripwire_hook":4,"minecraft:leather":29,"minecraft:blackstone_slab":2,"minecraft:filled_map":1,"minecraft:oak_log":836,"minecraft:waxed_copper_block":1,"minecraft:ancient_debris":7,"minecraft:yellow_bed":22,"minecraft:gunpowder":11,"minecraft:paper":281,"minecraft:apple":14,"minecraft:stone_bricks":8,"minecraft:warped_stem":6,"minecraft:iron_ingot":37,"minecraft:polished_tuff_slab":2,"minecraft:cooked_chicken":4,"minecraft:glass_bottle":1,"minecraft:book":191,"minecraft:oak_slab":5,"minecraft:warped_fungus":2,"minecraft:emerald_block":1,"minecraft:dandelion":18,"minecraft:quartz":147,"minecraft:dripstone_block":1,"minecraft:gravel":10,"minecraft:spruce_sapling":136,"minecraft:white_bed":4,"minecraft:spruce_log":1513,"minecraft:spider_eye":18,"minecraft:dragon_egg":1,"minecraft:spruce_door":3,"minecraft:polished_tuff":2,"minecraft:leather_helmet":2,"minecraft:diamond_shovel":2,"minecraft:diamond_axe":1,"minecraft:warped_roots":44,"minecraft:oak_button":5,"minecraft:baked_potato":11,"minecraft:shulker_shell":15,"minecraft:damaged_anvil":3,"minecraft:warped_nylium":1,"minecraft:coal":270,"minecraft:chiseled_tuff_bricks":1,"minecraft:hopper":9,"minecraft:sunflower":15,"minecraft:ender_pearl":116},"minecraft:killed":{"minecraft:zombified_piglin":3,"minecraft:spider":39,"minecraft:shulker":24,"minecraft:skeleton":12,"minecraft:chicken":3,"minecraft:piglin_brute":1,"minecraft:piglin":22,"minecraft:zombie_villager":1,"minecraft:iron_golem":3,"minecraft:ender_dragon":1,"minecraft:creeper":12,"minecraft:pillager":3,"minecraft:zombie":45,"minecraft:ghast":4,"minecraft:stray":28,"minecraft:blaze":1,"minecraft:cow":23,"minecraft:slime":1,"minecraft:horse":3,"minecraft:wandering_trader":1,"minecraft:breeze":7,"minecraft:villager":1,"minecraft:enderman":97}},"DataVersion":3953}