{"stats":{"minecraft:broken":{"minecraft:diamond_helmet":2,"minecraft:diamond_boots":1,"minecraft:shield":1},"minecraft:mined":{"minecraft:spruce_planks":3,"minecraft:white_bed":5,"minecraft:granite":13,"minecraft:grass_block":190,"minecraft:oak_wall_sign":3,"minecraft:spawner":1,"minecraft:iron_ore":38,"minecraft:cobbled_deepslate":2,"minecraft:fire":6,"minecraft:azure_bluet":1,"minecraft:water_cauldron":3,"minecraft:dirt_path":4,"minecraft:oak_stairs":2,"minecraft:iron_bars":3,"minecraft:polished_tuff_slab":2,"minecraft:end_stone_bricks":3,"minecraft:powder_snow":6,"minecraft:cobblestone":13,"minecraft:sugar_cane":7,"minecraft:oak_planks":153,"minecraft:iron_door":3,"minecraft:wall_torch":4,"minecraft:waxed_copper_bulb":1,"minecraft:red_candle":4,"minecraft:birch_log":89,"minecraft:waxed_copper_block":1,"minecraft:purpur_block":5,"minecraft:oak_log":508,"minecraft:dirt":311,"minecraft:netherrack":2,"minecraft:oak_leaves":54,"minecraft:deepslate":59,"minecraft:oak_door":1,"minecraft:dark_oak_log":9,"minecraft:shulker_box":13,"minecraft:end_stone":1093,"minecraft:decorated_pot":26,"minecraft:jungle_planks":2,"minecraft:hay_block":33,"minecraft:redstone_ore":4,"minecraft:waxed_copper_grate":5,"minecraft:andesite":62,"minecraft:deepslate_iron_ore":1,"minecraft:packed_ice":8,"minecraft:waxed_weathered_copper_bulb":1,"minecraft:stone":1079,"minecraft:magenta_stained_glass":2,"minecraft:crafting_table":5,"minecraft:short_grass":36,"minecraft:copper_ore":8,"minecraft:purpur_pillar":2,"minecraft:tall_grass":1,"minecraft:red_glazed_terracotta":2,"minecraft:lapis_ore":10,"minecraft:diorite":27,"minecraft:waxed_oxidized_copper_grate":4,"minecraft:birch_leaves":3,"minecraft:yellow_bed":9,"minecraft:coal_ore":104,"minecraft:end_rod":3,"minecraft:gravel":1,"minecraft:cobweb":18,"minecraft:cracked_stone_bricks":1,"minecraft:oak_button":2,"minecraft:stone_bricks":4,"minecraft:mossy_stone_bricks":1},"minecraft:killed_by":{"minecraft:zombie":4,"minecraft:player":2,"minecraft:stray":2,"minecraft:enderman":4,"minecraft:ender_dragon":3,"minecraft:shulker":4,"minecraft:skeleton":1},"minecraft:custom":{"minecraft:interact_with_crafting_table":33,"minecraft:open_barrel":24,"minecraft:open_shulker_box":15,"minecraft:leave_game":6,"minecraft:time_since_death":1948,"minecraft:sprint_one_cm":1068776,"minecraft:damage_blocked_by_shield":2855,"minecraft:drop":833,"minecraft:talked_to_villager":7,"minecraft:play_time":362447,"minecraft:deaths":40,"minecraft:jump":5575,"minecraft:interact_with_brewingstand":1,"minecraft:walk_on_water_one_cm":90161,"minecraft:interact_with_furnace":5,"minecraft:sleep_in_bed":13,"minecraft:damage_dealt":33083,"minecraft:crouch_one_cm":65685,"minecraft:inspect_dispenser":30,"minecraft:mob_kills":167,"minecraft:climb_one_cm":6610,"minecraft:walk_one_cm":1015127,"minecraft:sneak_time":16568,"minecraft:walk_under_water_one_cm":42154,"minecraft:boat_one_cm":86294,"minecraft:total_world_time":362447,"minecraft:interact_with_grindstone":2,"minecraft:time_since_rest":3063,"minecraft:damage_taken":20249,"minecraft:swim_one_cm":15743,"minecraft:fly_one_cm":1314643,"minecraft:open_chest":77,"minecraft:aviate_one_cm":15476,"minecraft:fall_one_cm":230131},"minecraft:used":{"minecraft:elytra":2,"minecraft:poppy":7,"minecraft:oak_sign":9,"minecraft:decorated_pot":1,"minecraft:chest":18,"minecraft:shield":43,"minecraft:waxed_oxidized_copper_grate":2,"minecraft:lava_bucket":7,"minecraft:stone_bricks":3,"minecraft:bow":104,"minecraft:hay_block":3,"minecraft:ominous_bottle":1,"minecraft:furnace":2,"minecraft:oak_sapling":3,"minecraft:mossy_stone_bricks":5,"minecraft:diorite":2,"minecraft:leather_leggings":1,"minecraft:diamond_boots":1,"minecraft:oak_planks":1560,"minecraft:ender_pearl":77,"minecraft:diamond_axe":809,"minecraft:sugar_cane":9,"minecraft:jungle_boat":1,"minecraft:end_stone":615,"minecraft:bread":70,"minecraft:chiseled_tuff_bricks":1,"minecraft:diamond_sword":588,"minecraft:andesite":14,"minecraft:purpur_block":2,"minecraft:iron_bars":3,"minecraft:netherrack":65,"minecraft:trial_key":6,"minecraft:oak_door":3,"minecraft:torch":83,"minecraft:dirt":420,"minecraft:diamond_helmet":1,"minecraft:shulker_box":13,"minecraft:oak_stairs":24,"minecraft:diamond_chestplate":1,"minecraft:golden_carrot":58,"minecraft:cobbled_deepslate":87,"minecraft:water_bucket":622,"minecraft:waxed_copper_block":1,"minecraft:cracked_stone_bricks":1,"minecraft:crafting_table":10,"minecraft:white_bed":4,"minecraft:oak_log":9,"minecraft:flower_pot":1,"minecraft:diamond_pickaxe":2622,"minecraft:diamond_shovel":490,"minecraft:wind_charge":8,"minecraft:oak_button":3,"minecraft:iron_pickaxe":26,"minecraft:leather_helmet":1,"minecraft:cobblestone":30,"minecraft:potion":3,"minecraft:bucket":630,"minecraft:yellow_bed":8,"minecraft:diamond_leggings":1},"minecraft:crafted":{"minecraft:oak_planks":1705,"minecraft:oak_sign":6,"minecraft:diamond_shovel":1,"minecraft:shulker_box":5,"minecraft:diamond_helmet":1,"minecraft:diamond_leggings":2,"minecraft:chest":22,"minecraft:oak_button":1,"minecraft:emerald":9,"minecraft:diamond_axe":1,"minecraft:crafting_table":7,"minecraft:jungle_boat":1,"minecraft:diamond_pickaxe":1,"minecraft:shield":1,"minecraft:stick":40,"minecraft:iron_pickaxe":1,"minecraft:oak_door":3,"minecraft:furnace":1,"minecraft:bone_meal":108,"minecraft:diamond_boots":1,"minecraft:dark_oak_planks":40,"minecraft:wheat":261,"minecraft:diamond_sword":1,"minecraft:bucket":1,"minecraft:bread":87,"minecraft:oak_stairs":32,"minecraft:torch":96,"minecraft:diamond_chestplate":1},"minecraft:dropped":{"minecraft:guster_pottery_sherd":2,"minecraft:diamond_axe":1,"minecraft:cooked_beef":3,"minecraft:chorus_fruit":4,"minecraft:glass_bottle":4,"minecraft:honeycomb":11,"minecraft:jungle_planks":3,"minecraft:cracked_stone_bricks":1,"minecraft:leather_helmet":4,"minecraft:emerald":3,"minecraft:dirt":8,"minecraft:stone_button":1,"minecraft:scrape_pottery_sherd":1,"minecraft:bone_meal":108,"minecraft:iron_pickaxe":3,"minecraft:bone":9,"minecraft:oak_door":2,"minecraft:purpur_block":3,"minecraft:sugar_cane":6,"minecraft:cooked_chicken":4,"minecraft:cobbled_deepslate":14,"minecraft:birch_sapling":1,"minecraft:obsidian":7,"minecraft:pointed_dripstone":2,"minecraft:rotten_flesh":20,"minecraft:oak_planks":11,"minecraft:azure_bluet":5,"minecraft:honey_bottle":1,"minecraft:poppy":9,"minecraft:tipped_arrow":20,"minecraft:red_candle":4,"minecraft:gunpowder":2,"minecraft:beetroot_seeds":5,"minecraft:lingering_potion":4,"minecraft:leather_leggings":3,"minecraft:end_stone_bricks":4,"minecraft:netherrack":58,"minecraft:iron_ingot":2,"minecraft:bread":33,"minecraft:wheat_seeds":25,"minecraft:dripstone_block":1,"minecraft:diamond_leggings":3,"minecraft:feather":1,"minecraft:cobblestone":95,"minecraft:waxed_copper_grate":2,"minecraft:apple":14,"minecraft:coal":24,"minecraft:stick":31,"minecraft:end_rod":4,"minecraft:diorite":6,"minecraft:golden_carrot":1,"minecraft:torch":1,"minecraft:waxed_weathered_copper_bulb":1,"minecraft:iron_door":6,"minecraft:potion":5,"minecraft:oak_stairs":11,"minecraft:iron_axe":1,"minecraft:jungle_boat":1,"minecraft:string":50,"minecraft:bucket":2,"minecraft:dandelion":13,"minecraft:redstone":20,"minecraft:purpur_pillar":2,"minecraft:tuff_bricks":6,"minecraft:flow_pottery_sherd":2,"minecraft:raw_copper":58,"minecraft:polished_tuff_slab":2,"minecraft:tuff":44,"minecraft:raw_iron":46,"minecraft:chicken":2,"minecraft:filled_map":1,"minecraft:diamond_sword":3,"minecraft:trial_key":9,"minecraft:allium":1,"minecraft:diamond_chestplate":2,"minecraft:spruce_planks":2,"minecraft:iron_chestplate":2,"minecraft:diamond_pickaxe":1,"minecraft:andesite":8,"minecraft:oak_sapling":9,"minecraft:spider_eye":18,"minecraft:stone_bricks":3,"minecraft:diamond_boots":1,"minecraft:bow":1,"minecraft:brick":75,"minecraft:waxed_oxidized_copper_grate":10},"minecraft:picked_up":{"minecraft:iron_chestplate":2,"minecraft:flower_pot":1,"minecraft:diamond_sword":2,"minecraft:oak_stairs":3,"minecraft:potion":7,"minecraft:string":56,"minecraft:raw_copper":107,"minecraft:red_candle":4,"minecraft:oak_sign":3,"minecraft:diamond_leggings":1,"minecraft:cobbled_deepslate":131,"minecraft:bucket":1,"minecraft:spruce_planks":2,"minecraft:trial_key":19,"minecraft:iron_pickaxe":2,"minecraft:tipped_arrow":20,"minecraft:stick":55,"minecraft:torch":12,"minecraft:purpur_pillar":2,"minecraft:waxed_weathered_copper_bulb":1,"minecraft:waxed_copper_grate":2,"minecraft:pointed_dripstone":2,"minecraft:diorite":30,"minecraft:rotten_flesh":22,"minecraft:end_rod":4,"minecraft:obsidian":4,"minecraft:iron_bars":3,"minecraft:cobblestone":1190,"minecraft:birch_log":88,"minecraft:feather":1,"minecraft:cooked_beef":3,"minecraft:iron_door":6,"minecraft:andesite":64,"minecraft:flint":1,"minecraft:lapis_lazuli":111,"minecraft:dirt":498,"minecraft:bone":45,"minecraft:bow":2,"minecraft:wheat_seeds":29,"minecraft:diamond_helmet":1,"minecraft:mossy_stone_bricks":5,"minecraft:scrape_pottery_sherd":1,"minecraft:oak_planks":153,"minecraft:jungle_planks":12,"minecraft:dark_oak_log":10,"minecraft:shulker_box":13,"minecraft:diamond":54,"minecraft:waxed_oxidized_copper_grate":12,"minecraft:granite":10,"minecraft:breeze_rod":7,"minecraft:golden_apple":1,"minecraft:emerald":28,"minecraft:bread":2,"minecraft:oak_sapling":21,"minecraft:chorus_fruit":46,"minecraft:netherrack":123,"minecraft:diamond_pickaxe":1,"minecraft:end_stone_bricks":4,"minecraft:crafting_table":5,"minecraft:allium":1,"minecraft:azure_bluet":5,"minecraft:ominous_bottle":1,"minecraft:chicken":2,"minecraft:leather_leggings":2,"minecraft:purpur_block":7,"minecraft:brick":93,"minecraft:wind_charge":11,"minecraft:elytra":1,"minecraft:iron_axe":1,"minecraft:cracked_stone_bricks":2,"minecraft:beef":7,"minecraft:poppy":16,"minecraft:guster_pottery_sherd":2,"minecraft:sugar_cane":15,"minecraft:chest":1,"minecraft:birch_sapling":3,"minecraft:egg":1,"minecraft:raw_iron":114,"minecraft:end_stone":1022,"minecraft:oak_door":2,"minecraft:flow_pottery_sherd":2,"minecraft:stone_button":2,"minecraft:redstone":20,"minecraft:arrow":64,"minecraft:diamond_chestplate":3,"minecraft:decorated_pot":1,"minecraft:beetroot_seeds":5,"minecraft:hay_block":32,"minecraft:saddle":1,"minecraft:tuff_bricks":6,"minecraft:jungle_boat":2,"minecraft:golden_carrot":68,"minecraft:leather":5,"minecraft:filled_map":1,"minecraft:oak_log":507,"minecraft:waxed_copper_block":1,"minecraft:yellow_bed":9,"minecraft:gunpowder":2,"minecraft:apple":7,"minecraft:stone_bricks":6,"minecraft:iron_ingot":37,"minecraft:polished_tuff_slab":2,"minecraft:cooked_chicken":4,"minecraft:glass_bottle":1,"minecraft:emerald_block":1,"minecraft:dandelion":13,"minecraft:dripstone_block":1,"minecraft:white_bed":4,"minecraft:dragon_egg":1,"minecraft:spider_eye":18,"minecraft:leather_helmet":2,"minecraft:diamond_shovel":1,"minecraft:diamond_axe":1,"minecraft:warped_roots":44,"minecraft:oak_button":2,"minecraft:baked_potato":11,"minecraft:chiseled_tuff_bricks":1,"minecraft:coal":201,"minecraft:hopper":4,"minecraft:ender_pearl":107,"minecraft:shulker_shell":15},"minecraft:killed":{"minecraft:spider":37,"minecraft:shulker":24,"minecraft:skeleton":3,"minecraft:chicken":2,"minecraft:iron_golem":3,"minecraft:ender_dragon":1,"minecraft:creeper":3,"minecraft:zombie":33,"minecraft:stray":28,"minecraft:cow":4,"minecraft:slime":1,"minecraft:horse":1,"minecraft:breeze":7,"minecraft:enderman":16}},"DataVersion":3953}