{
  "minecraft:recipes/decorations/crafting_table": {
    "criteria": {
      "unlock_right_away": "2024-07-03 17:48:34 +0000"
    },
    "done": true
  },
  "minecraft:adventure/adventuring_time": {
    "criteria": {
      "minecraft:flower_forest": "2024-07-03 22:17:16 +0000",
      "minecraft:beach": "2024-07-03 22:20:15 +0000",
      "minecraft:dark_forest": "2024-07-03 17:48:46 +0000",
      "minecraft:forest": "2024-07-03 17:54:29 +0000",
      "minecraft:deep_ocean": "2024-07-03 22:22:54 +0000",
      "minecraft:river": "2024-07-03 17:53:45 +0000",
      "minecraft:dripstone_caves": "2024-07-03 18:36:46 +0000",
      "minecraft:old_growth_birch_forest": "2024-07-03 17:53:47 +0000",
      "minecraft:ocean": "2024-07-03 22:22:46 +0000",
      "minecraft:sunflower_plains": "2024-07-03 22:18:41 +0000",
      "minecraft:cherry_grove": "2024-07-04 02:00:51 +0000",
      "minecraft:meadow": "2024-07-03 17:48:35 +0000",
      "minecraft:birch_forest": "2024-07-03 17:52:29 +0000",
      "minecraft:savanna": "2024-07-03 22:19:58 +0000",
      "minecraft:plains": "2024-07-03 17:55:32 +0000"
    },
    "done": false
  },
  "minecraft:recipes/building_blocks/dark_oak_planks": {
    "criteria": {
      "has_log": "2024-07-03 17:48:45 +0000"
    },
    "done": true
  },
  "minecraft:recipes/misc/charcoal": {
    "criteria": {
      "has_log": "2024-07-03 17:48:45 +0000"
    },
    "done": true
  },
  "minecraft:recipes/building_blocks/dark_oak_wood": {
    "criteria": {
      "has_log": "2024-07-03 17:48:45 +0000"
    },
    "done": true
  },
  "minecraft:recipes/building_blocks/dark_oak_slab": {
    "criteria": {
      "has_planks": "2024-07-03 17:49:35 +0000"
    },
    "done": true
  },
  "minecraft:recipes/redstone/dark_oak_door": {
    "criteria": {
      "has_planks": "2024-07-03 17:49:35 +0000"
    },
    "done": true
  },
  "minecraft:recipes/redstone/dark_oak_fence_gate": {
    "criteria": {
      "has_planks": "2024-07-03 17:49:35 +0000"
    },
    "done": true
  },
  "minecraft:recipes/redstone/dark_oak_trapdoor": {
    "criteria": {
      "has_planks": "2024-07-03 17:49:35 +0000"
    },
    "done": true
  },
  "minecraft:recipes/redstone/dark_oak_button": {
    "criteria": {
      "has_planks": "2024-07-03 17:49:35 +0000"
    },
    "done": true
  },
  "minecraft:recipes/misc/stick": {
    "criteria": {
      "has_planks": "2024-07-03 17:49:35 +0000"
    },
    "done": true
  },
  "minecraft:recipes/decorations/barrel": {
    "criteria": {
      "has_planks": "2024-07-03 17:49:35 +0000"
    },
    "done": true
  },
  "minecraft:recipes/building_blocks/dark_oak_stairs": {
    "criteria": {
      "has_planks": "2024-07-03 17:49:35 +0000"
    },
    "done": true
  },
  "minecraft:recipes/decorations/dark_oak_sign": {
    "criteria": {
      "has_planks": "2024-07-03 17:49:35 +0000"
    },
    "done": true
  },
  "minecraft:recipes/redstone/dark_oak_pressure_plate": {
    "criteria": {
      "has_planks": "2024-07-03 17:49:35 +0000"
    },
    "done": true
  },
  "minecraft:recipes/decorations/dark_oak_fence": {
    "criteria": {
      "has_planks": "2024-07-03 17:49:35 +0000"
    },
    "done": true
  },
  "minecraft:story/root": {
    "criteria": {
      "crafting_table": "2024-07-03 17:49:55 +0000"
    },
    "done": true
  },
  "minecraft:recipes/decorations/ladder": {
    "criteria": {
      "has_stick": "2024-07-03 17:49:56 +0000"
    },
    "done": true
  },
  "minecraft:recipes/decorations/campfire": {
    "criteria": {
      "has_stick": "2024-07-03 17:49:56 +0000"
    },
    "done": true
  },
  "minecraft:recipes/tools/wooden_hoe": {
    "criteria": {
      "has_stick": "2024-07-03 17:49:56 +0000"
    },
    "done": true
  },
  "minecraft:recipes/tools/wooden_pickaxe": {
    "criteria": {
      "has_stick": "2024-07-03 17:49:56 +0000"
    },
    "done": true
  },
  "minecraft:recipes/tools/wooden_axe": {
    "criteria": {
      "has_stick": "2024-07-03 17:49:56 +0000"
    },
    "done": true
  },
  "minecraft:recipes/tools/wooden_shovel": {
    "criteria": {
      "has_stick": "2024-07-03 17:49:56 +0000"
    },
    "done": true
  },
  "minecraft:recipes/combat/wooden_sword": {
    "criteria": {
      "has_stick": "2024-07-03 17:49:56 +0000"
    },
    "done": true
  },
  "minecraft:recipes/misc/yellow_dye_from_dandelion": {
    "criteria": {
      "has_dandelion": "2024-07-03 17:52:51 +0000"
    },
    "done": true
  },
  "minecraft:recipes/transportation/mangrove_boat": {
    "criteria": {
      "in_water": "2024-07-03 17:53:43 +0000"
    },
    "done": true
  },
  "minecraft:recipes/transportation/acacia_boat": {
    "criteria": {
      "in_water": "2024-07-03 17:53:43 +0000"
    },
    "done": true
  },
  "minecraft:recipes/transportation/cherry_boat": {
    "criteria": {
      "in_water": "2024-07-03 17:53:43 +0000"
    },
    "done": true
  },
  "minecraft:recipes/transportation/bamboo_raft": {
    "criteria": {
      "in_water": "2024-07-03 17:53:43 +0000"
    },
    "done": true
  },
  "minecraft:recipes/transportation/spruce_boat": {
    "criteria": {
      "in_water": "2024-07-03 17:53:43 +0000"
    },
    "done": true
  },
  "minecraft:recipes/transportation/birch_boat": {
    "criteria": {
      "in_water": "2024-07-03 17:53:43 +0000"
    },
    "done": true
  },
  "minecraft:recipes/transportation/oak_boat": {
    "criteria": {
      "in_water": "2024-07-03 17:53:43 +0000"
    },
    "done": true
  },
  "minecraft:recipes/transportation/jungle_boat": {
    "criteria": {
      "in_water": "2024-07-03 17:53:43 +0000"
    },
    "done": true
  },
  "minecraft:recipes/transportation/dark_oak_boat": {
    "criteria": {
      "in_water": "2024-07-03 17:53:43 +0000"
    },
    "done": true
  },
  "minecraft:recipes/misc/sugar_from_sugar_cane": {
    "criteria": {
      "has_sugar_cane": "2024-07-03 17:53:49 +0000"
    },
    "done": true
  },
  "minecraft:recipes/misc/paper": {
    "criteria": {
      "has_reeds": "2024-07-03 17:53:49 +0000"
    },
    "done": true
  },
  "minecraft:adventure/root": {
    "criteria": {
      "killed_something": "2024-07-03 17:54:01 +0000"
    },
    "done": true
  },
  "minecraft:recipes/food/cooked_chicken_from_campfire_cooking": {
    "criteria": {
      "has_chicken": "2024-07-03 17:54:02 +0000"
    },
    "done": true
  },
  "minecraft:recipes/food/cooked_chicken": {
    "criteria": {
      "has_chicken": "2024-07-03 17:54:02 +0000"
    },
    "done": true
  },
  "minecraft:recipes/food/cooked_chicken_from_smoking": {
    "criteria": {
      "has_chicken": "2024-07-03 17:54:02 +0000"
    },
    "done": true
  },
  "minecraft:recipes/combat/arrow": {
    "criteria": {
      "has_feather": "2024-07-03 17:54:10 +0000"
    },
    "done": true
  },
  "minecraft:recipes/tools/flint_and_steel": {
    "criteria": {
      "has_obsidian": "2024-07-03 17:56:13 +0000"
    },
    "done": true
  },
  "minecraft:story/form_obsidian": {
    "criteria": {
      "obsidian": "2024-07-03 17:56:13 +0000"
    },
    "done": true
  },
  "minecraft:recipes/decorations/enchanting_table": {
    "criteria": {
      "has_obsidian": "2024-07-03 17:56:13 +0000"
    },
    "done": true
  },
  "minecraft:recipes/misc/wheat": {
    "criteria": {
      "has_hay_block": "2024-07-03 17:56:26 +0000"
    },
    "done": true
  },
  "minecraft:recipes/redstone/target": {
    "criteria": {
      "has_hay_block": "2024-07-03 17:56:26 +0000"
    },
    "done": true
  },
  "minecraft:husbandry/balanced_diet": {
    "criteria": {
      "bread": "2024-07-03 17:57:09 +0000",
      "cooked_beef": "2024-07-04 06:32:14 +0000",
      "golden_carrot": "2024-07-03 22:14:38 +0000"
    },
    "done": false
  },
  "minecraft:husbandry/root": {
    "criteria": {
      "consumed_item": "2024-07-03 17:57:09 +0000"
    },
    "done": true
  },
  "minecraft:recipes/combat/iron_sword": {
    "criteria": {
      "has_iron_ingot": "2024-07-03 17:59:23 +0000"
    },
    "done": true
  },
  "minecraft:recipes/tools/iron_pickaxe": {
    "criteria": {
      "has_iron_ingot": "2024-07-03 17:59:23 +0000"
    },
    "done": true
  },
  "minecraft:recipes/combat/iron_leggings": {
    "criteria": {
      "has_iron_ingot": "2024-07-03 17:59:23 +0000"
    },
    "done": true
  },
  "minecraft:recipes/combat/shield": {
    "criteria": {
      "has_iron_ingot": "2024-07-03 17:59:23 +0000"
    },
    "done": true
  },
  "minecraft:recipes/redstone/hopper": {
    "criteria": {
      "has_iron_ingot": "2024-07-03 17:59:23 +0000"
    },
    "done": true
  },
  "minecraft:recipes/decorations/iron_bars": {
    "criteria": {
      "has_iron_ingot": "2024-07-03 17:59:23 +0000"
    },
    "done": true
  },
  "minecraft:recipes/combat/iron_boots": {
    "criteria": {
      "has_iron_ingot": "2024-07-03 17:59:23 +0000"
    },
    "done": true
  },
  "minecraft:recipes/combat/iron_chestplate": {
    "criteria": {
      "has_iron_ingot": "2024-07-03 17:59:23 +0000"
    },
    "done": true
  },
  "minecraft:recipes/decorations/lantern": {
    "criteria": {
      "has_iron_ingot": "2024-07-03 17:59:23 +0000"
    },
    "done": true
  },
  "minecraft:recipes/misc/iron_nugget": {
    "criteria": {
      "has_iron_ingot": "2024-07-03 17:59:23 +0000"
    },
    "done": true
  },
  "minecraft:recipes/misc/bucket": {
    "criteria": {
      "has_iron_ingot": "2024-07-03 17:59:23 +0000"
    },
    "done": true
  },
  "minecraft:recipes/combat/iron_helmet": {
    "criteria": {
      "has_iron_ingot": "2024-07-03 17:59:23 +0000"
    },
    "done": true
  },
  "minecraft:recipes/transportation/minecart": {
    "criteria": {
      "has_iron_ingot": "2024-07-03 17:59:23 +0000"
    },
    "done": true
  },
  "minecraft:recipes/tools/iron_hoe": {
    "criteria": {
      "has_iron_ingot": "2024-07-03 17:59:23 +0000"
    },
    "done": true
  },
  "minecraft:recipes/tools/iron_shovel": {
    "criteria": {
      "has_iron_ingot": "2024-07-03 17:59:23 +0000"
    },
    "done": true
  },
  "minecraft:story/smelt_iron": {
    "criteria": {
      "iron": "2024-07-03 17:59:23 +0000"
    },
    "done": true
  },
  "minecraft:recipes/tools/shears": {
    "criteria": {
      "has_iron_ingot": "2024-07-03 17:59:23 +0000"
    },
    "done": true
  },
  "minecraft:recipes/redstone/iron_trapdoor": {
    "criteria": {
      "has_iron_ingot": "2024-07-03 17:59:23 +0000"
    },
    "done": true
  },
  "minecraft:recipes/decorations/chain": {
    "criteria": {
      "has_iron_ingot": "2024-07-03 17:59:23 +0000"
    },
    "done": true
  },
  "minecraft:recipes/building_blocks/iron_block": {
    "criteria": {
      "has_iron_ingot": "2024-07-03 17:59:23 +0000"
    },
    "done": true
  },
  "minecraft:recipes/misc/red_dye_from_poppy": {
    "criteria": {
      "has_poppy": "2024-07-03 17:59:23 +0000"
    },
    "done": true
  },
  "minecraft:recipes/tools/iron_axe": {
    "criteria": {
      "has_iron_ingot": "2024-07-03 17:59:23 +0000"
    },
    "done": true
  },
  "minecraft:recipes/combat/crossbow": {
    "criteria": {
      "has_iron_ingot": "2024-07-03 17:59:23 +0000"
    },
    "done": true
  },
  "minecraft:recipes/decorations/smithing_table": {
    "criteria": {
      "has_iron_ingot": "2024-07-03 17:59:23 +0000"
    },
    "done": true
  },
  "minecraft:recipes/redstone/iron_door": {
    "criteria": {
      "has_iron_ingot": "2024-07-03 17:59:23 +0000"
    },
    "done": true
  },
  "minecraft:recipes/redstone/heavy_weighted_pressure_plate": {
    "criteria": {
      "has_iron_ingot": "2024-07-03 17:59:23 +0000"
    },
    "done": true
  },
  "minecraft:recipes/food/bread": {
    "criteria": {
      "has_wheat": "2024-07-03 18:00:53 +0000"
    },
    "done": true
  },
  "minecraft:recipes/building_blocks/hay_block": {
    "criteria": {
      "has_wheat": "2024-07-03 18:00:53 +0000"
    },
    "done": true
  },
  "minecraft:recipes/decorations/chest": {
    "criteria": {
      "has_lots_of_items": "2024-07-03 18:01:12 +0000"
    },
    "done": true
  },
  "minecraft:recipes/building_blocks/oak_planks": {
    "criteria": {
      "has_logs": "2024-07-03 18:01:12 +0000"
    },
    "done": true
  },
  "minecraft:recipes/building_blocks/oak_wood": {
    "criteria": {
      "has_log": "2024-07-03 18:01:12 +0000"
    },
    "done": true
  },
  "minecraft:recipes/building_blocks/oak_slab": {
    "criteria": {
      "has_planks": "2024-07-03 18:01:15 +0000"
    },
    "done": true
  },
  "minecraft:recipes/decorations/oak_sign": {
    "criteria": {
      "has_planks": "2024-07-03 18:01:15 +0000"
    },
    "done": true
  },
  "minecraft:recipes/redstone/oak_trapdoor": {
    "criteria": {
      "has_planks": "2024-07-03 18:01:15 +0000"
    },
    "done": true
  },
  "minecraft:recipes/redstone/oak_fence_gate": {
    "criteria": {
      "has_planks": "2024-07-03 18:01:15 +0000"
    },
    "done": true
  },
  "minecraft:recipes/redstone/oak_pressure_plate": {
    "criteria": {
      "has_planks": "2024-07-03 18:01:15 +0000"
    },
    "done": true
  },
  "minecraft:recipes/redstone/oak_door": {
    "criteria": {
      "has_planks": "2024-07-03 18:01:15 +0000"
    },
    "done": true
  },
  "minecraft:recipes/building_blocks/oak_stairs": {
    "criteria": {
      "has_planks": "2024-07-03 18:01:15 +0000"
    },
    "done": true
  },
  "minecraft:recipes/decorations/oak_fence": {
    "criteria": {
      "has_planks": "2024-07-03 18:01:15 +0000"
    },
    "done": true
  },
  "minecraft:recipes/redstone/oak_button": {
    "criteria": {
      "has_planks": "2024-07-03 18:01:15 +0000"
    },
    "done": true
  },
  "minecraft:recipes/misc/iron_nugget_from_smelting": {
    "criteria": {
      "has_iron_pickaxe": "2024-07-03 18:01:29 +0000"
    },
    "done": true
  },
  "minecraft:story/iron_tools": {
    "criteria": {
      "iron_pickaxe": "2024-07-03 18:01:29 +0000"
    },
    "done": true
  },
  "minecraft:recipes/misc/iron_nugget_from_blasting": {
    "criteria": {
      "has_iron_pickaxe": "2024-07-03 18:01:29 +0000"
    },
    "done": true
  },
  "minecraft:recipes/building_blocks/emerald_block": {
    "criteria": {
      "has_emerald": "2024-07-03 18:01:57 +0000"
    },
    "done": true
  },
  "minecraft:adventure/sleep_in_bed": {
    "criteria": {
      "slept_in_bed": "2024-07-03 18:14:35 +0000"
    },
    "done": true
  },
  "minecraft:recipes/brewing/cauldron": {
    "criteria": {
      "has_water_bucket": "2024-07-03 18:15:55 +0000"
    },
    "done": true
  },
  "minecraft:recipes/redstone/lever": {
    "criteria": {
      "has_cobblestone": "2024-07-03 18:26:14 +0000"
    },
    "done": true
  },
  "minecraft:recipes/combat/stone_sword": {
    "criteria": {
      "has_cobblestone": "2024-07-03 18:26:14 +0000"
    },
    "done": true
  },
  "minecraft:recipes/decorations/cobblestone_wall": {
    "criteria": {
      "has_cobblestone": "2024-07-03 18:26:14 +0000"
    },
    "done": true
  },
  "minecraft:recipes/tools/stone_pickaxe": {
    "criteria": {
      "has_cobblestone": "2024-07-03 18:26:14 +0000"
    },
    "done": true
  },
  "minecraft:recipes/tools/stone_axe": {
    "criteria": {
      "has_cobblestone": "2024-07-03 18:26:14 +0000"
    },
    "done": true
  },
  "minecraft:story/mine_stone": {
    "criteria": {
      "get_stone": "2024-07-03 18:26:14 +0000"
    },
    "done": true
  },
  "minecraft:recipes/decorations/furnace": {
    "criteria": {
      "has_cobblestone": "2024-07-03 18:26:14 +0000"
    },
    "done": true
  },
  "minecraft:recipes/building_blocks/cobblestone_slab": {
    "criteria": {
      "has_cobblestone": "2024-07-03 18:26:14 +0000"
    },
    "done": true
  },
  "minecraft:recipes/building_blocks/cobblestone_slab_from_cobblestone_stonecutting": {
    "criteria": {
      "has_cobblestone": "2024-07-03 18:26:14 +0000"
    },
    "done": true
  },
  "minecraft:recipes/building_blocks/stone": {
    "criteria": {
      "has_cobblestone": "2024-07-03 18:26:14 +0000"
    },
    "done": true
  },
  "minecraft:recipes/decorations/cobblestone_wall_from_cobblestone_stonecutting": {
    "criteria": {
      "has_cobblestone": "2024-07-03 18:26:14 +0000"
    },
    "done": true
  },
  "minecraft:recipes/building_blocks/cobblestone_stairs_from_cobblestone_stonecutting": {
    "criteria": {
      "has_cobblestone": "2024-07-03 18:26:14 +0000"
    },
    "done": true
  },
  "minecraft:recipes/building_blocks/cobblestone_stairs": {
    "criteria": {
      "has_cobblestone": "2024-07-03 18:26:14 +0000"
    },
    "done": true
  },
  "minecraft:recipes/tools/stone_hoe": {
    "criteria": {
      "has_cobblestone": "2024-07-03 18:26:14 +0000"
    },
    "done": true
  },
  "minecraft:recipes/tools/stone_shovel": {
    "criteria": {
      "has_cobblestone": "2024-07-03 18:26:14 +0000"
    },
    "done": true
  },
  "minecraft:recipes/combat/diamond_leggings": {
    "criteria": {
      "has_diamond": "2024-07-03 18:27:42 +0000"
    },
    "done": true
  },
  "minecraft:recipes/combat/diamond_sword": {
    "criteria": {
      "has_diamond": "2024-07-03 18:27:42 +0000"
    },
    "done": true
  },
  "minecraft:recipes/decorations/jukebox": {
    "criteria": {
      "has_diamond": "2024-07-03 18:27:42 +0000"
    },
    "done": true
  },
  "minecraft:recipes/combat/diamond_chestplate": {
    "criteria": {
      "has_diamond": "2024-07-03 18:27:42 +0000"
    },
    "done": true
  },
  "minecraft:recipes/combat/diamond_helmet": {
    "criteria": {
      "has_diamond": "2024-07-03 18:27:42 +0000"
    },
    "done": true
  },
  "minecraft:recipes/tools/diamond_pickaxe": {
    "criteria": {
      "has_diamond": "2024-07-03 18:27:42 +0000"
    },
    "done": true
  },
  "minecraft:recipes/building_blocks/diamond_block": {
    "criteria": {
      "has_diamond": "2024-07-03 18:27:42 +0000"
    },
    "done": true
  },
  "minecraft:recipes/tools/diamond_hoe": {
    "criteria": {
      "has_diamond": "2024-07-03 18:27:42 +0000"
    },
    "done": true
  },
  "minecraft:recipes/tools/diamond_shovel": {
    "criteria": {
      "has_diamond": "2024-07-03 18:27:42 +0000"
    },
    "done": true
  },
  "minecraft:story/mine_diamond": {
    "criteria": {
      "diamond": "2024-07-03 18:27:42 +0000"
    },
    "done": true
  },
  "minecraft:recipes/tools/diamond_axe": {
    "criteria": {
      "has_diamond": "2024-07-03 18:27:42 +0000"
    },
    "done": true
  },
  "minecraft:recipes/combat/diamond_boots": {
    "criteria": {
      "has_diamond": "2024-07-03 18:27:42 +0000"
    },
    "done": true
  },
  "minecraft:story/shiny_gear": {
    "criteria": {
      "diamond_leggings": "2024-07-03 18:29:32 +0000"
    },
    "done": true
  },
  "minecraft:recipes/building_blocks/polished_deepslate": {
    "criteria": {
      "has_cobbled_deepslate": "2024-07-03 18:33:50 +0000"
    },
    "done": true
  },
  "minecraft:recipes/building_blocks/deepslate_tile_stairs_from_cobbled_deepslate_stonecutting": {
    "criteria": {
      "has_cobbled_deepslate": "2024-07-03 18:33:50 +0000"
    },
    "done": true
  },
  "minecraft:recipes/decorations/deepslate_brick_wall_from_cobbled_deepslate_stonecutting": {
    "criteria": {
      "has_cobbled_deepslate": "2024-07-03 18:33:50 +0000"
    },
    "done": true
  },
  "minecraft:recipes/building_blocks/polished_deepslate_from_cobbled_deepslate_stonecutting": {
    "criteria": {
      "has_cobbled_deepslate": "2024-07-03 18:33:50 +0000"
    },
    "done": true
  },
  "minecraft:recipes/building_blocks/polished_deepslate_slab_from_cobbled_deepslate_stonecutting": {
    "criteria": {
      "has_cobbled_deepslate": "2024-07-03 18:33:50 +0000"
    },
    "done": true
  },
  "minecraft:recipes/building_blocks/deepslate_brick_stairs_from_cobbled_deepslate_stonecutting": {
    "criteria": {
      "has_cobbled_deepslate": "2024-07-03 18:33:50 +0000"
    },
    "done": true
  },
  "minecraft:recipes/building_blocks/deepslate_brick_slab_from_cobbled_deepslate_stonecutting": {
    "criteria": {
      "has_cobbled_deepslate": "2024-07-03 18:33:50 +0000"
    },
    "done": true
  },
  "minecraft:recipes/building_blocks/cobbled_deepslate_slab_from_cobbled_deepslate_stonecutting": {
    "criteria": {
      "has_cobbled_deepslate": "2024-07-03 18:33:50 +0000"
    },
    "done": true
  },
  "minecraft:recipes/building_blocks/deepslate_tile_slab_from_cobbled_deepslate_stonecutting": {
    "criteria": {
      "has_cobbled_deepslate": "2024-07-03 18:33:50 +0000"
    },
    "done": true
  },
  "minecraft:recipes/building_blocks/cobbled_deepslate_stairs": {
    "criteria": {
      "has_cobbled_deepslate": "2024-07-03 18:33:50 +0000"
    },
    "done": true
  },
  "minecraft:recipes/building_blocks/chiseled_deepslate_from_cobbled_deepslate_stonecutting": {
    "criteria": {
      "has_cobbled_deepslate": "2024-07-03 18:33:50 +0000"
    },
    "done": true
  },
  "minecraft:recipes/building_blocks/cobbled_deepslate_slab": {
    "criteria": {
      "has_cobbled_deepslate": "2024-07-03 18:33:50 +0000"
    },
    "done": true
  },
  "minecraft:recipes/decorations/cobbled_deepslate_wall_from_cobbled_deepslate_stonecutting": {
    "criteria": {
      "has_cobbled_deepslate": "2024-07-03 18:33:50 +0000"
    },
    "done": true
  },
  "minecraft:recipes/decorations/deepslate_tile_wall_from_cobbled_deepslate_stonecutting": {
    "criteria": {
      "has_cobbled_deepslate": "2024-07-03 18:33:50 +0000"
    },
    "done": true
  },
  "minecraft:recipes/decorations/cobbled_deepslate_wall": {
    "criteria": {
      "has_cobbled_deepslate": "2024-07-03 18:33:50 +0000"
    },
    "done": true
  },
  "minecraft:recipes/decorations/polished_deepslate_wall_from_cobbled_deepslate_stonecutting": {
    "criteria": {
      "has_cobbled_deepslate": "2024-07-03 18:33:50 +0000"
    },
    "done": true
  },
  "minecraft:recipes/building_blocks/deepslate_bricks_from_cobbled_deepslate_stonecutting": {
    "criteria": {
      "has_cobbled_deepslate": "2024-07-03 18:33:50 +0000"
    },
    "done": true
  },
  "minecraft:recipes/building_blocks/deepslate_tiles_from_cobbled_deepslate_stonecutting": {
    "criteria": {
      "has_cobbled_deepslate": "2024-07-03 18:33:50 +0000"
    },
    "done": true
  },
  "minecraft:recipes/building_blocks/cobbled_deepslate_stairs_from_cobbled_deepslate_stonecutting": {
    "criteria": {
      "has_cobbled_deepslate": "2024-07-03 18:33:50 +0000"
    },
    "done": true
  },
  "minecraft:recipes/building_blocks/deepslate": {
    "criteria": {
      "has_cobbled_deepslate": "2024-07-03 18:33:50 +0000"
    },
    "done": true
  },
  "minecraft:recipes/building_blocks/polished_deepslate_stairs_from_cobbled_deepslate_stonecutting": {
    "criteria": {
      "has_cobbled_deepslate": "2024-07-03 18:33:50 +0000"
    },
    "done": true
  },
  "minecraft:recipes/building_blocks/coal_block": {
    "criteria": {
      "has_coal": "2024-07-03 18:36:01 +0000"
    },
    "done": true
  },
  "minecraft:adventure/kill_all_mobs": {
    "criteria": {
      "minecraft:pillager": "2024-07-04 02:43:51 +0000",
      "minecraft:blaze": "2024-07-04 08:17:00 +0000",
      "minecraft:skeleton": "2024-07-03 21:04:37 +0000",
      "minecraft:ghast": "2024-07-04 08:15:36 +0000",
      "minecraft:ender_dragon": "2024-07-04 00:46:56 +0000",
      "minecraft:shulker": "2024-07-04 01:12:02 +0000",
      "minecraft:piglin": "2024-07-04 07:51:58 +0000",
      "minecraft:breeze": "2024-07-03 18:49:28 +0000",
      "minecraft:stray": "2024-07-03 18:41:35 +0000",
      "minecraft:enderman": "2024-07-04 00:31:58 +0000",
      "minecraft:spider": "2024-07-03 18:44:17 +0000",
      "minecraft:piglin_brute": "2024-07-04 07:57:10 +0000",
      "minecraft:zombie": "2024-07-03 18:37:29 +0000",
      "minecraft:creeper": "2024-07-03 21:05:26 +0000",
      "minecraft:slime": "2024-07-03 20:45:32 +0000"
    },
    "done": false
  },
  "minecraft:adventure/kill_a_mob": {
    "criteria": {
      "minecraft:zombie": "2024-07-03 18:37:29 +0000"
    },
    "done": true
  },
  "minecraft:recipes/building_blocks/dripstone_block": {
    "criteria": {
      "has_pointed_dripstone": "2024-07-03 18:37:35 +0000"
    },
    "done": true
  },
  "minecraft:recipes/misc/iron_ingot_from_smelting_raw_iron": {
    "criteria": {
      "has_raw_iron": "2024-07-03 18:37:41 +0000"
    },
    "done": true
  },
  "minecraft:recipes/building_blocks/raw_iron_block": {
    "criteria": {
      "has_raw_iron": "2024-07-03 18:37:41 +0000"
    },
    "done": true
  },
  "minecraft:recipes/misc/iron_ingot_from_blasting_raw_iron": {
    "criteria": {
      "has_raw_iron": "2024-07-03 18:37:41 +0000"
    },
    "done": true
  },
  "minecraft:recipes/building_blocks/waxed_copper_grate": {
    "criteria": {
      "has_waxed_copper_block": "2024-07-03 18:38:30 +0000"
    },
    "done": true
  },
  "minecraft:recipes/building_blocks/waxed_cut_copper_from_waxed_copper_block_stonecutting": {
    "criteria": {
      "has_waxed_copper_block": "2024-07-03 18:38:30 +0000"
    },
    "done": true
  },
  "minecraft:recipes/building_blocks/waxed_chiseled_copper_from_waxed_copper_block_stonecutting": {
    "criteria": {
      "has_waxed_copper_block": "2024-07-03 18:38:30 +0000"
    },
    "done": true
  },
  "minecraft:recipes/redstone/waxed_copper_bulb": {
    "criteria": {
      "has_waxed_copper_block": "2024-07-03 18:38:30 +0000"
    },
    "done": true
  },
  "minecraft:recipes/building_blocks/waxed_cut_copper": {
    "criteria": {
      "has_waxed_copper_block": "2024-07-03 18:38:30 +0000"
    },
    "done": true
  },
  "minecraft:recipes/building_blocks/waxed_cut_copper_stairs_from_waxed_copper_block_stonecutting": {
    "criteria": {
      "has_waxed_copper_block": "2024-07-03 18:38:30 +0000"
    },
    "done": true
  },
  "minecraft:recipes/misc/copper_ingot_from_waxed_copper_block": {
    "criteria": {
      "has_waxed_copper_block": "2024-07-03 18:38:30 +0000"
    },
    "done": true
  },
  "minecraft:recipes/building_blocks/waxed_copper_grate_from_waxed_copper_block_stonecutting": {
    "criteria": {
      "has_waxed_copper_block": "2024-07-03 18:38:30 +0000"
    },
    "done": true
  },
  "minecraft:recipes/building_blocks/waxed_cut_copper_slab_from_waxed_copper_block_stonecutting": {
    "criteria": {
      "has_waxed_copper_block": "2024-07-03 18:38:30 +0000"
    },
    "done": true
  },
  "minecraft:adventure/minecraft_trials_edition": {
    "criteria": {
      "minecraft_trials_edition": "2024-07-03 18:38:32 +0000"
    },
    "done": true
  },
  "minecraft:recipes/misc/sugar_from_honey_bottle": {
    "criteria": {
      "has_honey_bottle": "2024-07-03 18:38:36 +0000"
    },
    "done": true
  },
  "minecraft:recipes/redstone/honey_block": {
    "criteria": {
      "has_honey_bottle": "2024-07-03 18:38:36 +0000"
    },
    "done": true
  },
  "minecraft:recipes/building_blocks/bricks": {
    "criteria": {
      "has_brick": "2024-07-03 18:39:37 +0000"
    },
    "done": true
  },
  "minecraft:recipes/decorations/flower_pot": {
    "criteria": {
      "has_brick": "2024-07-03 18:39:37 +0000"
    },
    "done": true
  },
  "minecraft:recipes/decorations/decorated_pot_simple": {
    "criteria": {
      "has_brick": "2024-07-03 18:39:37 +0000"
    },
    "done": true
  },
  "minecraft:adventure/salvage_sherd": {
    "criteria": {
      "has_sherd": "2024-07-03 18:39:57 +0000"
    },
    "done": false
  },
  "minecraft:recipes/misc/bone_meal": {
    "criteria": {
      "has_bone": "2024-07-03 18:41:36 +0000"
    },
    "done": true
  },
  "minecraft:recipes/misc/emerald": {
    "criteria": {
      "has_emerald_block": "2024-07-03 18:43:08 +0000"
    },
    "done": true
  },
  "minecraft:recipes/brewing/fermented_spider_eye": {
    "criteria": {
      "has_spider_eye": "2024-07-03 18:44:17 +0000"
    },
    "done": true
  },
  "minecraft:recipes/combat/bow": {
    "criteria": {
      "has_string": "2024-07-03 18:44:17 +0000"
    },
    "done": true
  },
  "minecraft:recipes/tools/fishing_rod": {
    "criteria": {
      "has_string": "2024-07-03 18:44:17 +0000"
    },
    "done": true
  },
  "minecraft:recipes/building_blocks/white_wool_from_string": {
    "criteria": {
      "has_string": "2024-07-03 18:44:17 +0000"
    },
    "done": true
  },
  "minecraft:recipes/redstone/tripwire_hook": {
    "criteria": {
      "has_string": "2024-07-03 18:44:17 +0000"
    },
    "done": true
  },
  "minecraft:recipes/decorations/candle": {
    "criteria": {
      "has_string": "2024-07-03 18:44:17 +0000"
    },
    "done": true
  },
  "minecraft:recipes/decorations/loom": {
    "criteria": {
      "has_string": "2024-07-03 18:44:17 +0000"
    },
    "done": true
  },
  "minecraft:recipes/building_blocks/chiseled_tuff_bricks_from_tuff_stonecutting": {
    "criteria": {
      "has_tuff": "2024-07-03 18:45:43 +0000"
    },
    "done": true
  },
  "minecraft:recipes/building_blocks/tuff_bricks_from_tuff_stonecutting": {
    "criteria": {
      "has_tuff": "2024-07-03 18:45:43 +0000"
    },
    "done": true
  },
  "minecraft:recipes/building_blocks/tuff_slab": {
    "criteria": {
      "has_tuff": "2024-07-03 18:45:43 +0000"
    },
    "done": true
  },
  "minecraft:recipes/building_blocks/tuff_brick_slab_from_tuff_stonecutting": {
    "criteria": {
      "has_tuff": "2024-07-03 18:45:43 +0000"
    },
    "done": true
  },
  "minecraft:recipes/decorations/polished_tuff_wall_from_tuff_stonecutting": {
    "criteria": {
      "has_tuff": "2024-07-03 18:45:43 +0000"
    },
    "done": true
  },
  "minecraft:recipes/decorations/tuff_wall": {
    "criteria": {
      "has_tuff": "2024-07-03 18:45:43 +0000"
    },
    "done": true
  },
  "minecraft:recipes/building_blocks/polished_tuff_slab_from_tuff_stonecutting": {
    "criteria": {
      "has_tuff": "2024-07-03 18:45:43 +0000"
    },
    "done": true
  },
  "minecraft:recipes/decorations/tuff_wall_from_tuff_stonecutting": {
    "criteria": {
      "has_tuff": "2024-07-03 18:45:43 +0000"
    },
    "done": true
  },
  "minecraft:recipes/building_blocks/tuff_stairs": {
    "criteria": {
      "has_tuff": "2024-07-03 18:45:43 +0000"
    },
    "done": true
  },
  "minecraft:recipes/decorations/tuff_brick_wall_from_tuff_stonecutting": {
    "criteria": {
      "has_tuff": "2024-07-03 18:45:43 +0000"
    },
    "done": true
  },
  "minecraft:recipes/building_blocks/chiseled_tuff_from_tuff_stonecutting": {
    "criteria": {
      "has_tuff": "2024-07-03 18:45:43 +0000"
    },
    "done": true
  },
  "minecraft:recipes/building_blocks/polished_tuff_stairs_from_tuff_stonecutting": {
    "criteria": {
      "has_tuff": "2024-07-03 18:45:43 +0000"
    },
    "done": true
  },
  "minecraft:recipes/building_blocks/tuff_stairs_from_tuff_stonecutting": {
    "criteria": {
      "has_tuff": "2024-07-03 18:45:43 +0000"
    },
    "done": true
  },
  "minecraft:recipes/building_blocks/tuff_brick_stairs_from_tuff_stonecutting": {
    "criteria": {
      "has_tuff": "2024-07-03 18:45:43 +0000"
    },
    "done": true
  },
  "minecraft:recipes/building_blocks/polished_tuff": {
    "criteria": {
      "has_tuff": "2024-07-03 18:45:43 +0000"
    },
    "done": true
  },
  "minecraft:recipes/building_blocks/tuff_slab_from_tuff_stonecutting": {
    "criteria": {
      "has_tuff": "2024-07-03 18:45:43 +0000"
    },
    "done": true
  },
  "minecraft:recipes/building_blocks/polished_tuff_from_tuff_stonecutting": {
    "criteria": {
      "has_tuff": "2024-07-03 18:45:43 +0000"
    },
    "done": true
  },
  "minecraft:recipes/misc/wind_charge": {
    "criteria": {
      "has_breeze_rod": "2024-07-03 18:50:00 +0000"
    },
    "done": true
  },
  "minecraft:recipes/combat/mace": {
    "criteria": {
      "has_breeze_rod": "2024-07-03 18:50:00 +0000"
    },
    "done": true
  },
  "minecraft:story/deflect_arrow": {
    "criteria": {
      "deflected_projectile": "2024-07-03 18:51:24 +0000"
    },
    "done": true
  },
  "minecraft:adventure/under_lock_and_key": {
    "criteria": {
      "under_lock_and_key": "2024-07-03 18:57:51 +0000"
    },
    "done": true
  },
  "minecraft:story/obtain_armor": {
    "criteria": {
      "iron_chestplate": "2024-07-03 18:57:56 +0000"
    },
    "done": true
  },
  "minecraft:recipes/decorations/beehive": {
    "criteria": {
      "has_honeycomb": "2024-07-03 19:00:28 +0000"
    },
    "done": true
  },
  "minecraft:recipes/decorations/honeycomb_block": {
    "criteria": {
      "has_honeycomb": "2024-07-03 19:00:28 +0000"
    },
    "done": true
  },
  "minecraft:recipes/redstone/dispenser": {
    "criteria": {
      "has_bow": "2024-07-03 19:06:49 +0000"
    },
    "done": true
  },
  "minecraft:adventure/who_needs_rockets": {
    "criteria": {
      "who_needs_rockets": "2024-07-03 20:48:46 +0000"
    },
    "done": true
  },
  "minecraft:adventure/shoot_arrow": {
    "criteria": {
      "shot_arrow": "2024-07-03 20:49:45 +0000"
    },
    "done": true
  },
  "minecraft:recipes/building_blocks/chiseled_tuff_bricks_from_tuff_bricks_stonecutting": {
    "criteria": {
      "has_tuff_bricks": "2024-07-03 20:50:03 +0000"
    },
    "done": true
  },
  "minecraft:recipes/decorations/tuff_brick_wall_from_tuff_bricks_stonecutting": {
    "criteria": {
      "has_tuff_bricks": "2024-07-03 20:50:03 +0000"
    },
    "done": true
  },
  "minecraft:recipes/building_blocks/tuff_brick_stairs": {
    "criteria": {
      "has_tuff_bricks": "2024-07-03 20:50:03 +0000"
    },
    "done": true
  },
  "minecraft:recipes/building_blocks/tuff_brick_stairs_from_tuff_bricks_stonecutting": {
    "criteria": {
      "has_tuff_bricks": "2024-07-03 20:50:03 +0000"
    },
    "done": true
  },
  "minecraft:recipes/building_blocks/tuff_brick_slab_from_tuff_bricks_stonecutting": {
    "criteria": {
      "has_tuff_bricks": "2024-07-03 20:50:03 +0000"
    },
    "done": true
  },
  "minecraft:recipes/decorations/tuff_brick_wall": {
    "criteria": {
      "has_tuff_bricks": "2024-07-03 20:50:03 +0000"
    },
    "done": true
  },
  "minecraft:recipes/building_blocks/tuff_brick_slab": {
    "criteria": {
      "has_tuff_bricks": "2024-07-03 20:50:03 +0000"
    },
    "done": true
  },
  "minecraft:recipes/building_blocks/andesite_stairs_from_andesite_stonecutting": {
    "criteria": {
      "has_andesite": "2024-07-03 20:50:05 +0000"
    },
    "done": true
  },
  "minecraft:recipes/building_blocks/andesite_stairs": {
    "criteria": {
      "has_andesite": "2024-07-03 20:50:05 +0000"
    },
    "done": true
  },
  "minecraft:recipes/building_blocks/polished_andesite_from_andesite_stonecutting": {
    "criteria": {
      "has_andesite": "2024-07-03 20:50:05 +0000"
    },
    "done": true
  },
  "minecraft:recipes/building_blocks/polished_andesite": {
    "criteria": {
      "has_andesite": "2024-07-03 20:50:05 +0000"
    },
    "done": true
  },
  "minecraft:recipes/decorations/andesite_wall_from_andesite_stonecutting": {
    "criteria": {
      "has_andesite": "2024-07-03 20:50:05 +0000"
    },
    "done": true
  },
  "minecraft:recipes/building_blocks/polished_andesite_slab_from_andesite_stonecutting": {
    "criteria": {
      "has_andesite": "2024-07-03 20:50:05 +0000"
    },
    "done": true
  },
  "minecraft:recipes/decorations/andesite_wall": {
    "criteria": {
      "has_andesite": "2024-07-03 20:50:05 +0000"
    },
    "done": true
  },
  "minecraft:recipes/building_blocks/andesite_slab": {
    "criteria": {
      "has_andesite": "2024-07-03 20:50:05 +0000"
    },
    "done": true
  },
  "minecraft:recipes/building_blocks/polished_andesite_stairs_from_andesite_stonecutting": {
    "criteria": {
      "has_andesite": "2024-07-03 20:50:05 +0000"
    },
    "done": true
  },
  "minecraft:recipes/building_blocks/andesite_slab_from_andesite_stonecutting": {
    "criteria": {
      "has_andesite": "2024-07-03 20:50:05 +0000"
    },
    "done": true
  },
  "minecraft:recipes/decorations/torch": {
    "criteria": {
      "has_the_recipe": "2024-07-03 20:51:28 +0000"
    },
    "done": true
  },
  "minecraft:recipes/building_blocks/acacia_slab": {
    "criteria": {
      "has_the_recipe": "2024-07-03 20:57:05 +0000"
    },
    "done": true
  },
  "minecraft:recipes/misc/light_gray_dye_from_azure_bluet": {
    "criteria": {
      "has_azure_bluet": "2024-07-03 21:08:23 +0000"
    },
    "done": true
  },
  "minecraft:recipes/misc/firework_rocket_simple": {
    "criteria": {
      "has_gunpowder": "2024-07-03 21:08:33 +0000"
    },
    "done": true
  },
  "minecraft:recipes/redstone/tnt": {
    "criteria": {
      "has_gunpowder": "2024-07-03 21:08:33 +0000"
    },
    "done": true
  },
  "minecraft:recipes/misc/white_dye": {
    "criteria": {
      "has_bone_meal": "2024-07-03 21:34:21 +0000"
    },
    "done": true
  },
  "minecraft:recipes/building_blocks/bone_block": {
    "criteria": {
      "has_bone_meal": "2024-07-03 21:34:21 +0000"
    },
    "done": true
  },
  "minecraft:recipes/food/cake": {
    "criteria": {
      "has_egg": "2024-07-03 21:37:53 +0000"
    },
    "done": true
  },
  "minecraft:recipes/decorations/smoker": {
    "criteria": {
      "has_furnace": "2024-07-03 22:10:23 +0000"
    },
    "done": true
  },
  "minecraft:recipes/misc/magenta_dye_from_allium": {
    "criteria": {
      "has_allium": "2024-07-03 22:18:04 +0000"
    },
    "done": true
  },
  "minecraft:recipes/misc/nether_brick": {
    "criteria": {
      "has_netherrack": "2024-07-03 22:20:07 +0000"
    },
    "done": true
  },
  "minecraft:recipes/redstone/jungle_trapdoor": {
    "criteria": {
      "has_planks": "2024-07-03 22:21:32 +0000"
    },
    "done": true
  },
  "minecraft:recipes/decorations/jungle_sign": {
    "criteria": {
      "has_planks": "2024-07-03 22:21:32 +0000"
    },
    "done": true
  },
  "minecraft:recipes/redstone/jungle_door": {
    "criteria": {
      "has_planks": "2024-07-03 22:21:32 +0000"
    },
    "done": true
  },
  "minecraft:recipes/decorations/jungle_fence": {
    "criteria": {
      "has_planks": "2024-07-03 22:21:32 +0000"
    },
    "done": true
  },
  "minecraft:recipes/redstone/jungle_pressure_plate": {
    "criteria": {
      "has_planks": "2024-07-03 22:21:32 +0000"
    },
    "done": true
  },
  "minecraft:recipes/redstone/jungle_button": {
    "criteria": {
      "has_planks": "2024-07-03 22:21:32 +0000"
    },
    "done": true
  },
  "minecraft:recipes/building_blocks/jungle_slab": {
    "criteria": {
      "has_planks": "2024-07-03 22:21:32 +0000"
    },
    "done": true
  },
  "minecraft:recipes/building_blocks/jungle_stairs": {
    "criteria": {
      "has_planks": "2024-07-03 22:21:32 +0000"
    },
    "done": true
  },
  "minecraft:recipes/redstone/jungle_fence_gate": {
    "criteria": {
      "has_planks": "2024-07-03 22:21:32 +0000"
    },
    "done": true
  },
  "minecraft:recipes/redstone/spruce_button": {
    "criteria": {
      "has_planks": "2024-07-03 22:22:16 +0000"
    },
    "done": true
  },
  "minecraft:recipes/redstone/spruce_pressure_plate": {
    "criteria": {
      "has_planks": "2024-07-03 22:22:16 +0000"
    },
    "done": true
  },
  "minecraft:recipes/decorations/spruce_sign": {
    "criteria": {
      "has_planks": "2024-07-03 22:22:16 +0000"
    },
    "done": true
  },
  "minecraft:recipes/redstone/spruce_trapdoor": {
    "criteria": {
      "has_planks": "2024-07-03 22:22:16 +0000"
    },
    "done": true
  },
  "minecraft:recipes/redstone/spruce_door": {
    "criteria": {
      "has_planks": "2024-07-03 22:22:16 +0000"
    },
    "done": true
  },
  "minecraft:recipes/redstone/spruce_fence_gate": {
    "criteria": {
      "has_planks": "2024-07-03 22:22:16 +0000"
    },
    "done": true
  },
  "minecraft:recipes/decorations/spruce_fence": {
    "criteria": {
      "has_planks": "2024-07-03 22:22:16 +0000"
    },
    "done": true
  },
  "minecraft:recipes/building_blocks/spruce_stairs": {
    "criteria": {
      "has_planks": "2024-07-03 22:22:16 +0000"
    },
    "done": true
  },
  "minecraft:recipes/building_blocks/spruce_slab": {
    "criteria": {
      "has_planks": "2024-07-03 22:22:16 +0000"
    },
    "done": true
  },
  "minecraft:recipes/transportation/dark_oak_chest_boat": {
    "criteria": {
      "has_boat": "2024-07-03 22:22:30 +0000"
    },
    "done": true
  },
  "minecraft:recipes/transportation/bamboo_chest_raft": {
    "criteria": {
      "has_boat": "2024-07-03 22:22:30 +0000"
    },
    "done": true
  },
  "minecraft:recipes/transportation/spruce_chest_boat": {
    "criteria": {
      "has_boat": "2024-07-03 22:22:30 +0000"
    },
    "done": true
  },
  "minecraft:recipes/transportation/jungle_chest_boat": {
    "criteria": {
      "has_boat": "2024-07-03 22:22:30 +0000"
    },
    "done": true
  },
  "minecraft:recipes/transportation/acacia_chest_boat": {
    "criteria": {
      "has_boat": "2024-07-03 22:22:30 +0000"
    },
    "done": true
  },
  "minecraft:recipes/transportation/mangrove_chest_boat": {
    "criteria": {
      "has_boat": "2024-07-03 22:22:30 +0000"
    },
    "done": true
  },
  "minecraft:recipes/transportation/oak_chest_boat": {
    "criteria": {
      "has_boat": "2024-07-03 22:22:30 +0000"
    },
    "done": true
  },
  "minecraft:recipes/transportation/cherry_chest_boat": {
    "criteria": {
      "has_boat": "2024-07-03 22:22:30 +0000"
    },
    "done": true
  },
  "minecraft:recipes/transportation/birch_chest_boat": {
    "criteria": {
      "has_boat": "2024-07-03 22:22:30 +0000"
    },
    "done": true
  },
  "minecraft:story/follow_ender_eye": {
    "criteria": {
      "in_stronghold": "2024-07-03 22:27:53 +0000"
    },
    "done": true
  },
  "minecraft:recipes/decorations/stone_brick_wall": {
    "criteria": {
      "has_stone_bricks": "2024-07-03 22:31:48 +0000"
    },
    "done": true
  },
  "minecraft:recipes/building_blocks/stone_brick_slab_from_stone_bricks_stonecutting": {
    "criteria": {
      "has_stone_bricks": "2024-07-03 22:31:48 +0000"
    },
    "done": true
  },
  "minecraft:recipes/building_blocks/cracked_stone_bricks": {
    "criteria": {
      "has_stone_bricks": "2024-07-03 22:31:48 +0000"
    },
    "done": true
  },
  "minecraft:recipes/building_blocks/stone_brick_stairs_from_stone_bricks_stonecutting": {
    "criteria": {
      "has_stone_bricks": "2024-07-03 22:31:48 +0000"
    },
    "done": true
  },
  "minecraft:recipes/building_blocks/stone_brick_slab": {
    "criteria": {
      "has_stone_bricks": "2024-07-03 22:31:48 +0000"
    },
    "done": true
  },
  "minecraft:recipes/building_blocks/stone_brick_stairs": {
    "criteria": {
      "has_stone_bricks": "2024-07-03 22:31:48 +0000"
    },
    "done": true
  },
  "minecraft:recipes/building_blocks/chiseled_stone_bricks_from_stone_bricks_stonecutting": {
    "criteria": {
      "has_stone_bricks": "2024-07-03 22:31:48 +0000"
    },
    "done": true
  },
  "minecraft:recipes/building_blocks/chiseled_stone_bricks": {
    "criteria": {
      "has_tag": "2024-07-03 22:31:48 +0000"
    },
    "done": true
  },
  "minecraft:recipes/decorations/stone_brick_wall_from_stone_bricks_stonecutting": {
    "criteria": {
      "has_stone_bricks": "2024-07-03 22:31:48 +0000"
    },
    "done": true
  },
  "minecraft:recipes/building_blocks/mossy_stone_brick_stairs": {
    "criteria": {
      "has_mossy_stone_bricks": "2024-07-03 22:31:49 +0000"
    },
    "done": true
  },
  "minecraft:recipes/decorations/mossy_stone_brick_wall": {
    "criteria": {
      "has_mossy_stone_bricks": "2024-07-03 22:31:49 +0000"
    },
    "done": true
  },
  "minecraft:recipes/building_blocks/mossy_stone_brick_slab": {
    "criteria": {
      "has_mossy_stone_bricks": "2024-07-03 22:31:49 +0000"
    },
    "done": true
  },
  "minecraft:recipes/building_blocks/mossy_stone_brick_stairs_from_mossy_stone_brick_stonecutting": {
    "criteria": {
      "has_mossy_stone_bricks": "2024-07-03 22:31:49 +0000"
    },
    "done": true
  },
  "minecraft:recipes/decorations/mossy_stone_brick_wall_from_mossy_stone_brick_stonecutting": {
    "criteria": {
      "has_mossy_stone_bricks": "2024-07-03 22:31:49 +0000"
    },
    "done": true
  },
  "minecraft:recipes/building_blocks/mossy_stone_brick_slab_from_mossy_stone_brick_stonecutting": {
    "criteria": {
      "has_mossy_stone_bricks": "2024-07-03 22:31:49 +0000"
    },
    "done": true
  },
  "minecraft:end/root": {
    "criteria": {
      "entered_end": "2024-07-04 00:29:27 +0000"
    },
    "done": true
  },
  "minecraft:story/enter_the_end": {
    "criteria": {
      "entered_end": "2024-07-04 00:29:27 +0000"
    },
    "done": true
  },
  "minecraft:recipes/misc/blue_dye": {
    "criteria": {
      "has_lapis_lazuli": "2024-07-04 00:43:39 +0000"
    },
    "done": true
  },
  "minecraft:recipes/building_blocks/lapis_block": {
    "criteria": {
      "has_lapis_lazuli": "2024-07-04 00:43:39 +0000"
    },
    "done": true
  },
  "minecraft:recipes/building_blocks/end_stone_brick_slab_from_end_stone_stonecutting": {
    "criteria": {
      "has_end_stone": "2024-07-04 00:46:12 +0000"
    },
    "done": true
  },
  "minecraft:recipes/building_blocks/end_stone_bricks": {
    "criteria": {
      "has_end_stone": "2024-07-04 00:46:12 +0000"
    },
    "done": true
  },
  "minecraft:recipes/decorations/end_stone_brick_wall_from_end_stone_stonecutting": {
    "criteria": {
      "has_end_stone": "2024-07-04 00:46:12 +0000"
    },
    "done": true
  },
  "minecraft:recipes/building_blocks/end_stone_bricks_from_end_stone_stonecutting": {
    "criteria": {
      "has_end_stone": "2024-07-04 00:46:12 +0000"
    },
    "done": true
  },
  "minecraft:recipes/building_blocks/end_stone_brick_stairs_from_end_stone_stonecutting": {
    "criteria": {
      "has_end_stone": "2024-07-04 00:46:12 +0000"
    },
    "done": true
  },
  "minecraft:end/kill_dragon": {
    "criteria": {
      "killed_dragon": "2024-07-04 00:46:56 +0000"
    },
    "done": true
  },
  "minecraft:end/dragon_egg": {
    "criteria": {
      "dragon_egg": "2024-07-04 00:47:49 +0000"
    },
    "done": true
  },
  "minecraft:end/enter_end_gateway": {
    "criteria": {
      "entered_end_gateway": "2024-07-04 00:49:58 +0000"
    },
    "done": true
  },
  "minecraft:recipes/misc/popped_chorus_fruit": {
    "criteria": {
      "has_chorus_fruit": "2024-07-04 01:07:35 +0000"
    },
    "done": true
  },
  "minecraft:end/find_end_city": {
    "criteria": {
      "in_city": "2024-07-04 01:10:34 +0000"
    },
    "done": true
  },
  "minecraft:recipes/building_blocks/end_stone_brick_stairs_from_end_stone_brick_stonecutting": {
    "criteria": {
      "has_end_stone_brick": "2024-07-04 01:10:36 +0000"
    },
    "done": true
  },
  "minecraft:recipes/building_blocks/end_stone_brick_slab": {
    "criteria": {
      "has_end_stone_bricks": "2024-07-04 01:10:36 +0000"
    },
    "done": true
  },
  "minecraft:recipes/building_blocks/end_stone_brick_slab_from_end_stone_brick_stonecutting": {
    "criteria": {
      "has_end_stone_brick": "2024-07-04 01:10:36 +0000"
    },
    "done": true
  },
  "minecraft:recipes/decorations/end_stone_brick_wall_from_end_stone_brick_stonecutting": {
    "criteria": {
      "has_end_stone_brick": "2024-07-04 01:10:36 +0000"
    },
    "done": true
  },
  "minecraft:recipes/building_blocks/end_stone_brick_stairs": {
    "criteria": {
      "has_end_stone_bricks": "2024-07-04 01:10:36 +0000"
    },
    "done": true
  },
  "minecraft:recipes/decorations/end_stone_brick_wall": {
    "criteria": {
      "has_end_stone_bricks": "2024-07-04 01:10:36 +0000"
    },
    "done": true
  },
  "minecraft:recipes/decorations/shulker_box": {
    "criteria": {
      "has_shulker_shell": "2024-07-04 01:13:00 +0000"
    },
    "done": true
  },
  "minecraft:nether/brew_potion": {
    "criteria": {
      "potion": "2024-07-04 01:26:55 +0000"
    },
    "done": true
  },
  "minecraft:end/levitate": {
    "criteria": {
      "levitated": "2024-07-04 01:27:30 +0000"
    },
    "done": true
  },
  "minecraft:story/lava_bucket": {
    "criteria": {
      "lava_bucket": "2024-07-04 01:29:07 +0000"
    },
    "done": true
  },
  "minecraft:recipes/building_blocks/purpur_slab": {
    "criteria": {
      "has_purpur_block": "2024-07-04 01:33:48 +0000"
    },
    "done": true
  },
  "minecraft:recipes/building_blocks/purpur_stairs": {
    "criteria": {
      "has_purpur_block": "2024-07-04 01:33:48 +0000"
    },
    "done": true
  },
  "minecraft:recipes/building_blocks/purpur_pillar_from_purpur_block_stonecutting": {
    "criteria": {
      "has_purpur_block": "2024-07-04 01:33:48 +0000"
    },
    "done": true
  },
  "minecraft:recipes/building_blocks/purpur_stairs_from_purpur_block_stonecutting": {
    "criteria": {
      "has_purpur_block": "2024-07-04 01:33:48 +0000"
    },
    "done": true
  },
  "minecraft:recipes/building_blocks/purpur_pillar": {
    "criteria": {
      "has_purpur_block": "2024-07-04 01:33:48 +0000"
    },
    "done": true
  },
  "minecraft:recipes/building_blocks/purpur_slab_from_purpur_block_stonecutting": {
    "criteria": {
      "has_purpur_block": "2024-07-04 01:33:48 +0000"
    },
    "done": true
  },
  "minecraft:recipes/building_blocks/diorite_stairs_from_diorite_stonecutting": {
    "criteria": {
      "has_diorite": "2024-07-04 01:46:20 +0000"
    },
    "done": true
  },
  "minecraft:recipes/building_blocks/polished_diorite": {
    "criteria": {
      "has_diorite": "2024-07-04 01:46:20 +0000"
    },
    "done": true
  },
  "minecraft:recipes/building_blocks/diorite_slab": {
    "criteria": {
      "has_diorite": "2024-07-04 01:46:20 +0000"
    },
    "done": true
  },
  "minecraft:recipes/decorations/diorite_wall_from_diorite_stonecutting": {
    "criteria": {
      "has_diorite": "2024-07-04 01:46:20 +0000"
    },
    "done": true
  },
  "minecraft:recipes/building_blocks/andesite": {
    "criteria": {
      "has_stone": "2024-07-04 01:46:20 +0000"
    },
    "done": true
  },
  "minecraft:recipes/building_blocks/polished_diorite_from_diorite_stonecutting": {
    "criteria": {
      "has_diorite": "2024-07-04 01:46:20 +0000"
    },
    "done": true
  },
  "minecraft:recipes/decorations/diorite_wall": {
    "criteria": {
      "has_diorite": "2024-07-04 01:46:20 +0000"
    },
    "done": true
  },
  "minecraft:recipes/building_blocks/diorite_slab_from_diorite_stonecutting": {
    "criteria": {
      "has_diorite": "2024-07-04 01:46:20 +0000"
    },
    "done": true
  },
  "minecraft:recipes/building_blocks/polished_diorite_slab_from_diorite_stonecutting": {
    "criteria": {
      "has_diorite": "2024-07-04 01:46:20 +0000"
    },
    "done": true
  },
  "minecraft:recipes/building_blocks/polished_diorite_stairs_from_diorite_stonecutting": {
    "criteria": {
      "has_diorite": "2024-07-04 01:46:20 +0000"
    },
    "done": true
  },
  "minecraft:recipes/building_blocks/diorite_stairs": {
    "criteria": {
      "has_diorite": "2024-07-04 01:46:20 +0000"
    },
    "done": true
  },
  "minecraft:end/elytra": {
    "criteria": {
      "elytra": "2024-07-04 01:47:23 +0000"
    },
    "done": true
  },
  "minecraft:recipes/redstone/redstone_torch": {
    "criteria": {
      "has_redstone": "2024-07-04 01:51:56 +0000"
    },
    "done": true
  },
  "minecraft:recipes/tools/clock": {
    "criteria": {
      "has_redstone": "2024-07-04 01:51:56 +0000"
    },
    "done": true
  },
  "minecraft:recipes/redstone/dropper": {
    "criteria": {
      "has_redstone": "2024-07-04 01:51:56 +0000"
    },
    "done": true
  },
  "minecraft:recipes/redstone/redstone_block": {
    "criteria": {
      "has_redstone": "2024-07-04 01:51:56 +0000"
    },
    "done": true
  },
  "minecraft:recipes/redstone/note_block": {
    "criteria": {
      "has_redstone": "2024-07-04 01:51:56 +0000"
    },
    "done": true
  },
  "minecraft:recipes/tools/compass": {
    "criteria": {
      "has_redstone": "2024-07-04 01:51:56 +0000"
    },
    "done": true
  },
  "minecraft:recipes/redstone/piston": {
    "criteria": {
      "has_redstone": "2024-07-04 01:51:56 +0000"
    },
    "done": true
  },
  "minecraft:recipes/building_blocks/birch_planks": {
    "criteria": {
      "has_logs": "2024-07-04 01:57:03 +0000"
    },
    "done": true
  },
  "minecraft:recipes/building_blocks/birch_wood": {
    "criteria": {
      "has_log": "2024-07-04 01:57:03 +0000"
    },
    "done": true
  },
  "minecraft:recipes/combat/leather_helmet": {
    "criteria": {
      "has_leather": "2024-07-04 02:08:41 +0000"
    },
    "done": true
  },
  "minecraft:recipes/combat/leather_leggings": {
    "criteria": {
      "has_leather": "2024-07-04 02:08:41 +0000"
    },
    "done": true
  },
  "minecraft:recipes/food/cooked_beef_from_smoking": {
    "criteria": {
      "has_beef": "2024-07-04 02:08:41 +0000"
    },
    "done": true
  },
  "minecraft:recipes/decorations/item_frame": {
    "criteria": {
      "has_leather": "2024-07-04 02:08:41 +0000"
    },
    "done": true
  },
  "minecraft:recipes/combat/leather_chestplate": {
    "criteria": {
      "has_leather": "2024-07-04 02:08:41 +0000"
    },
    "done": true
  },
  "minecraft:recipes/combat/leather_boots": {
    "criteria": {
      "has_leather": "2024-07-04 02:08:41 +0000"
    },
    "done": true
  },
  "minecraft:recipes/misc/leather_horse_armor": {
    "criteria": {
      "has_leather": "2024-07-04 02:08:41 +0000"
    },
    "done": true
  },
  "minecraft:recipes/food/cooked_beef": {
    "criteria": {
      "has_beef": "2024-07-04 02:08:41 +0000"
    },
    "done": true
  },
  "minecraft:recipes/food/cooked_beef_from_campfire_cooking": {
    "criteria": {
      "has_beef": "2024-07-04 02:08:41 +0000"
    },
    "done": true
  },
  "minecraft:recipes/decorations/fletching_table": {
    "criteria": {
      "has_flint": "2024-07-04 02:11:39 +0000"
    },
    "done": true
  },
  "minecraft:recipes/misc/copper_ingot_from_blasting_raw_copper": {
    "criteria": {
      "has_raw_copper": "2024-07-04 02:13:54 +0000"
    },
    "done": true
  },
  "minecraft:recipes/building_blocks/raw_copper_block": {
    "criteria": {
      "has_raw_copper": "2024-07-04 02:13:54 +0000"
    },
    "done": true
  },
  "minecraft:recipes/misc/copper_ingot_from_smelting_raw_copper": {
    "criteria": {
      "has_raw_copper": "2024-07-04 02:13:54 +0000"
    },
    "done": true
  },
  "minecraft:recipes/building_blocks/granite_stairs": {
    "criteria": {
      "has_granite": "2024-07-04 02:19:20 +0000"
    },
    "done": true
  },
  "minecraft:recipes/building_blocks/granite_stairs_from_granite_stonecutting": {
    "criteria": {
      "has_granite": "2024-07-04 02:19:20 +0000"
    },
    "done": true
  },
  "minecraft:recipes/decorations/granite_wall": {
    "criteria": {
      "has_granite": "2024-07-04 02:19:20 +0000"
    },
    "done": true
  },
  "minecraft:recipes/building_blocks/polished_granite_slab_from_granite_stonecutting": {
    "criteria": {
      "has_granite": "2024-07-04 02:19:20 +0000"
    },
    "done": true
  },
  "minecraft:recipes/building_blocks/granite_slab_from_granite_stonecutting": {
    "criteria": {
      "has_granite": "2024-07-04 02:19:20 +0000"
    },
    "done": true
  },
  "minecraft:recipes/building_blocks/polished_granite": {
    "criteria": {
      "has_granite": "2024-07-04 02:19:20 +0000"
    },
    "done": true
  },
  "minecraft:recipes/decorations/granite_wall_from_granite_stonecutting": {
    "criteria": {
      "has_granite": "2024-07-04 02:19:20 +0000"
    },
    "done": true
  },
  "minecraft:recipes/building_blocks/polished_granite_from_granite_stonecutting": {
    "criteria": {
      "has_granite": "2024-07-04 02:19:20 +0000"
    },
    "done": true
  },
  "minecraft:recipes/building_blocks/granite_slab": {
    "criteria": {
      "has_granite": "2024-07-04 02:19:20 +0000"
    },
    "done": true
  },
  "minecraft:recipes/building_blocks/polished_granite_stairs_from_granite_stonecutting": {
    "criteria": {
      "has_granite": "2024-07-04 02:19:20 +0000"
    },
    "done": true
  },
  "minecraft:recipes/transportation/carrot_on_a_stick": {
    "criteria": {
      "has_carrot": "2024-07-04 02:33:27 +0000"
    },
    "done": true
  },
  "minecraft:recipes/redstone/birch_button": {
    "criteria": {
      "has_planks": "2024-07-04 02:37:23 +0000"
    },
    "done": true
  },
  "minecraft:recipes/redstone/birch_door": {
    "criteria": {
      "has_planks": "2024-07-04 02:37:23 +0000"
    },
    "done": true
  },
  "minecraft:recipes/decorations/birch_fence": {
    "criteria": {
      "has_planks": "2024-07-04 02:37:23 +0000"
    },
    "done": true
  },
  "minecraft:recipes/redstone/birch_trapdoor": {
    "criteria": {
      "has_planks": "2024-07-04 02:37:23 +0000"
    },
    "done": true
  },
  "minecraft:recipes/decorations/birch_sign": {
    "criteria": {
      "has_planks": "2024-07-04 02:37:23 +0000"
    },
    "done": true
  },
  "minecraft:recipes/redstone/birch_fence_gate": {
    "criteria": {
      "has_planks": "2024-07-04 02:37:23 +0000"
    },
    "done": true
  },
  "minecraft:recipes/redstone/birch_pressure_plate": {
    "criteria": {
      "has_planks": "2024-07-04 02:37:23 +0000"
    },
    "done": true
  },
  "minecraft:recipes/building_blocks/birch_slab": {
    "criteria": {
      "has_planks": "2024-07-04 02:37:23 +0000"
    },
    "done": true
  },
  "minecraft:recipes/building_blocks/birch_stairs": {
    "criteria": {
      "has_planks": "2024-07-04 02:37:23 +0000"
    },
    "done": true
  },
  "minecraft:recipes/misc/book": {
    "criteria": {
      "has_paper": "2024-07-04 02:49:42 +0000"
    },
    "done": true
  },
  "minecraft:recipes/decorations/cartography_table": {
    "criteria": {
      "has_paper": "2024-07-04 02:49:42 +0000"
    },
    "done": true
  },
  "minecraft:recipes/building_blocks/bookshelf": {
    "criteria": {
      "has_book": "2024-07-04 02:49:46 +0000"
    },
    "done": true
  },
  "minecraft:recipes/redstone/lectern": {
    "criteria": {
      "has_book": "2024-07-04 02:49:46 +0000"
    },
    "done": true
  },
  "minecraft:recipes/building_blocks/chiseled_bookshelf": {
    "criteria": {
      "has_book": "2024-07-04 02:49:46 +0000"
    },
    "done": true
  },
  "minecraft:recipes/misc/writable_book": {
    "criteria": {
      "has_book": "2024-07-04 02:49:46 +0000"
    },
    "done": true
  },
  "minecraft:recipes/decorations/composter": {
    "criteria": {
      "has_wood_slab": "2024-07-04 02:53:30 +0000"
    },
    "done": true
  },
  "minecraft:adventure/trade": {
    "criteria": {
      "traded": "2024-07-04 05:06:38 +0000"
    },
    "done": true
  },
  "minecraft:recipes/misc/iron_ingot_from_iron_block": {
    "criteria": {
      "has_iron_block": "2024-07-04 05:33:19 +0000"
    },
    "done": true
  },
  "minecraft:recipes/decorations/anvil": {
    "criteria": {
      "has_iron_block": "2024-07-04 05:33:19 +0000"
    },
    "done": true
  },
  "minecraft:recipes/misc/map": {
    "criteria": {
      "has_compass": "2024-07-04 06:05:38 +0000"
    },
    "done": true
  },
  "minecraft:story/enchant_item": {
    "criteria": {
      "enchanted_item": "2024-07-04 06:10:11 +0000"
    },
    "done": true
  },
  "minecraft:recipes/building_blocks/lime_concrete_powder": {
    "criteria": {
      "has_sand": "2024-07-04 06:38:12 +0000"
    },
    "done": true
  },
  "minecraft:recipes/building_blocks/light_gray_concrete_powder": {
    "criteria": {
      "has_sand": "2024-07-04 06:38:12 +0000"
    },
    "done": true
  },
  "minecraft:recipes/building_blocks/pink_concrete_powder": {
    "criteria": {
      "has_sand": "2024-07-04 06:38:12 +0000"
    },
    "done": true
  },
  "minecraft:recipes/building_blocks/orange_concrete_powder": {
    "criteria": {
      "has_sand": "2024-07-04 06:38:12 +0000"
    },
    "done": true
  },
  "minecraft:recipes/building_blocks/red_concrete_powder": {
    "criteria": {
      "has_sand": "2024-07-04 06:38:12 +0000"
    },
    "done": true
  },
  "minecraft:recipes/building_blocks/magenta_concrete_powder": {
    "criteria": {
      "has_sand": "2024-07-04 06:38:12 +0000"
    },
    "done": true
  },
  "minecraft:recipes/building_blocks/brown_concrete_powder": {
    "criteria": {
      "has_sand": "2024-07-04 06:38:12 +0000"
    },
    "done": true
  },
  "minecraft:recipes/building_blocks/light_blue_concrete_powder": {
    "criteria": {
      "has_sand": "2024-07-04 06:38:12 +0000"
    },
    "done": true
  },
  "minecraft:recipes/building_blocks/glass": {
    "criteria": {
      "has_smelts_to_glass": "2024-07-04 06:38:12 +0000"
    },
    "done": true
  },
  "minecraft:recipes/building_blocks/green_concrete_powder": {
    "criteria": {
      "has_sand": "2024-07-04 06:38:12 +0000"
    },
    "done": true
  },
  "minecraft:recipes/building_blocks/blue_concrete_powder": {
    "criteria": {
      "has_sand": "2024-07-04 06:38:12 +0000"
    },
    "done": true
  },
  "minecraft:recipes/building_blocks/yellow_concrete_powder": {
    "criteria": {
      "has_sand": "2024-07-04 06:38:12 +0000"
    },
    "done": true
  },
  "minecraft:recipes/building_blocks/sandstone": {
    "criteria": {
      "has_sand": "2024-07-04 06:38:12 +0000"
    },
    "done": true
  },
  "minecraft:recipes/building_blocks/white_concrete_powder": {
    "criteria": {
      "has_sand": "2024-07-04 06:38:12 +0000"
    },
    "done": true
  },
  "minecraft:recipes/building_blocks/gray_concrete_powder": {
    "criteria": {
      "has_sand": "2024-07-04 06:38:12 +0000"
    },
    "done": true
  },
  "minecraft:recipes/building_blocks/black_concrete_powder": {
    "criteria": {
      "has_sand": "2024-07-04 06:38:12 +0000"
    },
    "done": true
  },
  "minecraft:recipes/building_blocks/purple_concrete_powder": {
    "criteria": {
      "has_sand": "2024-07-04 06:38:12 +0000"
    },
    "done": true
  },
  "minecraft:recipes/building_blocks/cyan_concrete_powder": {
    "criteria": {
      "has_sand": "2024-07-04 06:38:12 +0000"
    },
    "done": true
  },
  "minecraft:recipes/building_blocks/coarse_dirt": {
    "criteria": {
      "has_gravel": "2024-07-04 06:39:18 +0000"
    },
    "done": true
  },
  "minecraft:recipes/redstone/trapped_chest": {
    "criteria": {
      "has_tripwire_hook": "2024-07-04 06:40:48 +0000"
    },
    "done": true
  },
  "minecraft:recipes/building_blocks/red_stained_glass": {
    "criteria": {
      "has_glass": "2024-07-04 06:41:19 +0000"
    },
    "done": true
  },
  "minecraft:recipes/building_blocks/light_blue_stained_glass": {
    "criteria": {
      "has_glass": "2024-07-04 06:41:19 +0000"
    },
    "done": true
  },
  "minecraft:recipes/brewing/glass_bottle": {
    "criteria": {
      "has_glass": "2024-07-04 06:41:19 +0000"
    },
    "done": true
  },
  "minecraft:recipes/building_blocks/green_stained_glass": {
    "criteria": {
      "has_glass": "2024-07-04 06:41:19 +0000"
    },
    "done": true
  },
  "minecraft:recipes/building_blocks/brown_stained_glass": {
    "criteria": {
      "has_glass": "2024-07-04 06:41:19 +0000"
    },
    "done": true
  },
  "minecraft:recipes/building_blocks/light_gray_stained_glass": {
    "criteria": {
      "has_glass": "2024-07-04 06:41:19 +0000"
    },
    "done": true
  },
  "minecraft:recipes/building_blocks/blue_stained_glass": {
    "criteria": {
      "has_glass": "2024-07-04 06:41:19 +0000"
    },
    "done": true
  },
  "minecraft:recipes/building_blocks/orange_stained_glass": {
    "criteria": {
      "has_glass": "2024-07-04 06:41:19 +0000"
    },
    "done": true
  },
  "minecraft:recipes/building_blocks/cyan_stained_glass": {
    "criteria": {
      "has_glass": "2024-07-04 06:41:19 +0000"
    },
    "done": true
  },
  "minecraft:recipes/building_blocks/pink_stained_glass": {
    "criteria": {
      "has_glass": "2024-07-04 06:41:19 +0000"
    },
    "done": true
  },
  "minecraft:recipes/building_blocks/black_stained_glass": {
    "criteria": {
      "has_glass": "2024-07-04 06:41:19 +0000"
    },
    "done": true
  },
  "minecraft:recipes/building_blocks/gray_stained_glass": {
    "criteria": {
      "has_glass": "2024-07-04 06:41:19 +0000"
    },
    "done": true
  },
  "minecraft:recipes/building_blocks/purple_stained_glass": {
    "criteria": {
      "has_glass": "2024-07-04 06:41:19 +0000"
    },
    "done": true
  },
  "minecraft:recipes/building_blocks/yellow_stained_glass": {
    "criteria": {
      "has_glass": "2024-07-04 06:41:19 +0000"
    },
    "done": true
  },
  "minecraft:recipes/building_blocks/lime_stained_glass": {
    "criteria": {
      "has_glass": "2024-07-04 06:41:19 +0000"
    },
    "done": true
  },
  "minecraft:recipes/decorations/glass_pane": {
    "criteria": {
      "has_glass": "2024-07-04 06:41:19 +0000"
    },
    "done": true
  },
  "minecraft:recipes/building_blocks/magenta_stained_glass": {
    "criteria": {
      "has_glass": "2024-07-04 06:41:19 +0000"
    },
    "done": true
  },
  "minecraft:recipes/building_blocks/white_stained_glass": {
    "criteria": {
      "has_glass": "2024-07-04 06:41:19 +0000"
    },
    "done": true
  },
  "minecraft:recipes/misc/yellow_dye_from_sunflower": {
    "criteria": {
      "has_sunflower": "2024-07-04 06:46:41 +0000"
    },
    "done": true
  },
  "minecraft:recipes/misc/blue_dye_from_cornflower": {
    "criteria": {
      "has_cornflower": "2024-07-04 06:49:25 +0000"
    },
    "done": true
  },
  "minecraft:recipes/building_blocks/spruce_planks": {
    "criteria": {
      "has_logs": "2024-07-04 07:07:05 +0000"
    },
    "done": true
  },
  "minecraft:recipes/building_blocks/spruce_wood": {
    "criteria": {
      "has_log": "2024-07-04 07:07:05 +0000"
    },
    "done": true
  },
  "minecraft:recipes/decorations/polished_tuff_wall": {
    "criteria": {
      "has_polished_tuff": "2024-07-04 07:28:41 +0000"
    },
    "done": true
  },
  "minecraft:recipes/decorations/tuff_brick_wall_from_polished_tuff_stonecutting": {
    "criteria": {
      "has_polished_tuff": "2024-07-04 07:28:41 +0000"
    },
    "done": true
  },
  "minecraft:recipes/building_blocks/tuff_brick_stairs_from_polished_tuff_stonecutting": {
    "criteria": {
      "has_polished_tuff": "2024-07-04 07:28:41 +0000"
    },
    "done": true
  },
  "minecraft:recipes/building_blocks/polished_tuff_slab_from_polished_tuff_stonecutting": {
    "criteria": {
      "has_polished_tuff": "2024-07-04 07:28:41 +0000"
    },
    "done": true
  },
  "minecraft:recipes/building_blocks/polished_tuff_stairs": {
    "criteria": {
      "has_polished_tuff": "2024-07-04 07:28:41 +0000"
    },
    "done": true
  },
  "minecraft:recipes/building_blocks/polished_tuff_stairs_from_polished_tuff_stonecutting": {
    "criteria": {
      "has_polished_tuff": "2024-07-04 07:28:41 +0000"
    },
    "done": true
  },
  "minecraft:recipes/building_blocks/polished_tuff_slab": {
    "criteria": {
      "has_polished_tuff": "2024-07-04 07:28:41 +0000"
    },
    "done": true
  },
  "minecraft:recipes/building_blocks/chiseled_tuff_bricks_from_polished_tuff_stonecutting": {
    "criteria": {
      "has_polished_tuff": "2024-07-04 07:28:41 +0000"
    },
    "done": true
  },
  "minecraft:recipes/building_blocks/tuff_bricks": {
    "criteria": {
      "has_polished_tuff": "2024-07-04 07:28:41 +0000"
    },
    "done": true
  },
  "minecraft:recipes/decorations/polished_tuff_wall_from_polished_tuff_stonecutting": {
    "criteria": {
      "has_polished_tuff": "2024-07-04 07:28:41 +0000"
    },
    "done": true
  },
  "minecraft:recipes/building_blocks/tuff_bricks_from_polished_tuff_stonecutting": {
    "criteria": {
      "has_polished_tuff": "2024-07-04 07:28:41 +0000"
    },
    "done": true
  },
  "minecraft:recipes/building_blocks/tuff_brick_slab_from_polished_tuff_stonecutting": {
    "criteria": {
      "has_polished_tuff": "2024-07-04 07:28:41 +0000"
    },
    "done": true
  },
  "minecraft:nether/root": {
    "criteria": {
      "entered_nether": "2024-07-04 07:40:27 +0000"
    },
    "done": true
  },
  "minecraft:story/enter_the_nether": {
    "criteria": {
      "entered_nether": "2024-07-04 07:40:27 +0000"
    },
    "done": true
  },
  "minecraft:nether/explore_nether": {
    "criteria": {
      "minecraft:crimson_forest": "2024-07-04 07:49:32 +0000",
      "minecraft:nether_wastes": "2024-07-04 07:40:29 +0000",
      "minecraft:soul_sand_valley": "2024-07-04 08:14:38 +0000",
      "minecraft:warped_forest": "2024-07-04 07:41:25 +0000",
      "minecraft:basalt_deltas": "2024-07-04 08:25:18 +0000"
    },
    "done": true
  },
  "minecraft:recipes/transportation/warped_fungus_on_a_stick": {
    "criteria": {
      "has_warped_fungus": "2024-07-04 07:43:54 +0000"
    },
    "done": true
  },
  "minecraft:nether/find_bastion": {
    "criteria": {
      "bastion": "2024-07-04 07:51:18 +0000"
    },
    "done": true
  },
  "minecraft:recipes/building_blocks/blackstone_stairs": {
    "criteria": {
      "has_blackstone": "2024-07-04 07:51:28 +0000"
    },
    "done": true
  },
  "minecraft:recipes/building_blocks/blackstone_slab_from_blackstone_stonecutting": {
    "criteria": {
      "has_blackstone": "2024-07-04 07:51:28 +0000"
    },
    "done": true
  },
  "minecraft:recipes/decorations/polished_blackstone_brick_wall_from_blackstone_stonecutting": {
    "criteria": {
      "has_blackstone": "2024-07-04 07:51:28 +0000"
    },
    "done": true
  },
  "minecraft:recipes/building_blocks/polished_blackstone_slab_from_blackstone_stonecutting": {
    "criteria": {
      "has_blackstone": "2024-07-04 07:51:28 +0000"
    },
    "done": true
  },
  "minecraft:recipes/building_blocks/polished_blackstone": {
    "criteria": {
      "has_blackstone": "2024-07-04 07:51:28 +0000"
    },
    "done": true
  },
  "minecraft:recipes/decorations/blackstone_wall": {
    "criteria": {
      "has_blackstone": "2024-07-04 07:51:28 +0000"
    },
    "done": true
  },
  "minecraft:recipes/building_blocks/blackstone_slab": {
    "criteria": {
      "has_blackstone": "2024-07-04 07:51:28 +0000"
    },
    "done": true
  },
  "minecraft:recipes/building_blocks/polished_blackstone_brick_slab_from_blackstone_stonecutting": {
    "criteria": {
      "has_blackstone": "2024-07-04 07:51:28 +0000"
    },
    "done": true
  },
  "minecraft:recipes/building_blocks/polished_blackstone_from_blackstone_stonecutting": {
    "criteria": {
      "has_blackstone": "2024-07-04 07:51:28 +0000"
    },
    "done": true
  },
  "minecraft:recipes/building_blocks/polished_blackstone_brick_stairs_from_blackstone_stonecutting": {
    "criteria": {
      "has_blackstone": "2024-07-04 07:51:28 +0000"
    },
    "done": true
  },
  "minecraft:recipes/building_blocks/polished_blackstone_bricks_from_blackstone_stonecutting": {
    "criteria": {
      "has_blackstone": "2024-07-04 07:51:28 +0000"
    },
    "done": true
  },
  "minecraft:recipes/decorations/blackstone_wall_from_blackstone_stonecutting": {
    "criteria": {
      "has_blackstone": "2024-07-04 07:51:28 +0000"
    },
    "done": true
  },
  "minecraft:recipes/building_blocks/polished_blackstone_stairs_from_blackstone_stonecutting": {
    "criteria": {
      "has_blackstone": "2024-07-04 07:51:28 +0000"
    },
    "done": true
  },
  "minecraft:recipes/decorations/polished_blackstone_wall_from_blackstone_stonecutting": {
    "criteria": {
      "has_blackstone": "2024-07-04 07:51:28 +0000"
    },
    "done": true
  },
  "minecraft:recipes/building_blocks/chiseled_polished_blackstone_from_blackstone_stonecutting": {
    "criteria": {
      "has_blackstone": "2024-07-04 07:51:28 +0000"
    },
    "done": true
  },
  "minecraft:recipes/building_blocks/blackstone_stairs_from_blackstone_stonecutting": {
    "criteria": {
      "has_blackstone": "2024-07-04 07:51:28 +0000"
    },
    "done": true
  },
  "minecraft:recipes/building_blocks/polished_blackstone_brick_slab": {
    "criteria": {
      "has_polished_blackstone_bricks": "2024-07-04 07:52:23 +0000"
    },
    "done": true
  },
  "minecraft:recipes/building_blocks/polished_blackstone_brick_stairs": {
    "criteria": {
      "has_polished_blackstone_bricks": "2024-07-04 07:52:23 +0000"
    },
    "done": true
  },
  "minecraft:recipes/decorations/polished_blackstone_brick_wall_from_polished_blackstone_bricks_stonecutting": {
    "criteria": {
      "has_polished_blackstone_bricks": "2024-07-04 07:52:23 +0000"
    },
    "done": true
  },
  "minecraft:recipes/building_blocks/cracked_polished_blackstone_bricks": {
    "criteria": {
      "has_polished_blackstone_bricks": "2024-07-04 07:52:23 +0000"
    },
    "done": true
  },
  "minecraft:recipes/building_blocks/polished_blackstone_brick_slab_from_polished_blackstone_bricks_stonecutting": {
    "criteria": {
      "has_polished_blackstone_bricks": "2024-07-04 07:52:23 +0000"
    },
    "done": true
  },
  "minecraft:recipes/decorations/polished_blackstone_brick_wall": {
    "criteria": {
      "has_polished_blackstone_bricks": "2024-07-04 07:52:23 +0000"
    },
    "done": true
  },
  "minecraft:recipes/building_blocks/polished_blackstone_brick_stairs_from_polished_blackstone_bricks_stonecutting": {
    "criteria": {
      "has_polished_blackstone_bricks": "2024-07-04 07:52:23 +0000"
    },
    "done": true
  },
  "minecraft:recipes/misc/gold_ingot_from_gold_block": {
    "criteria": {
      "has_gold_block": "2024-07-04 07:53:51 +0000"
    },
    "done": true
  },
  "minecraft:recipes/building_blocks/smooth_basalt": {
    "criteria": {
      "has_basalt": "2024-07-04 07:55:52 +0000"
    },
    "done": true
  },
  "minecraft:recipes/building_blocks/polished_basalt_from_basalt_stonecutting": {
    "criteria": {
      "has_basalt": "2024-07-04 07:55:52 +0000"
    },
    "done": true
  },
  "minecraft:recipes/building_blocks/polished_basalt": {
    "criteria": {
      "has_basalt": "2024-07-04 07:55:52 +0000"
    },
    "done": true
  },
  "minecraft:nether/loot_bastion": {
    "criteria": {
      "loot_bastion_bridge": "2024-07-04 07:56:10 +0000"
    },
    "done": true
  },
  "minecraft:recipes/misc/netherite_upgrade_smithing_template": {
    "criteria": {
      "has_netherite_upgrade_smithing_template": "2024-07-04 08:00:42 +0000"
    },
    "done": true
  },
  "minecraft:recipes/building_blocks/cracked_nether_bricks": {
    "criteria": {
      "has_nether_bricks": "2024-07-04 08:29:22 +0000"
    },
    "done": true
  },
  "minecraft:recipes/misc/gold_nugget_from_smelting": {
    "criteria": {
      "has_golden_sword": "2024-07-04 08:22:04 +0000"
    },
    "done": true
  },
  "minecraft:recipes/building_blocks/chiseled_nether_bricks_from_nether_bricks_stonecutting": {
    "criteria": {
      "has_nether_bricks": "2024-07-04 08:29:22 +0000"
    },
    "done": true
  },
  "minecraft:recipes/misc/gold_nugget_from_blasting": {
    "criteria": {
      "has_golden_sword": "2024-07-04 08:22:04 +0000"
    },
    "done": true
  },
  "minecraft:recipes/building_blocks/nether_brick_stairs": {
    "criteria": {
      "has_nether_bricks": "2024-07-04 08:29:22 +0000"
    },
    "done": true
  },
  "minecraft:recipes/building_blocks/nether_brick_slab": {
    "criteria": {
      "has_nether_bricks": "2024-07-04 08:29:22 +0000"
    },
    "done": true
  },
  "minecraft:nether/return_to_sender": {
    "criteria": {
      "killed_ghast": "2024-07-04 08:21:51 +0000"
    },
    "done": true
  },
  "minecraft:recipes/decorations/nether_brick_wall_from_nether_bricks_stonecutting": {
    "criteria": {
      "has_nether_bricks": "2024-07-04 08:29:22 +0000"
    },
    "done": true
  },
  "minecraft:recipes/building_blocks/nether_brick_stairs_from_nether_bricks_stonecutting": {
    "criteria": {
      "has_nether_bricks": "2024-07-04 08:29:22 +0000"
    },
    "done": true
  },
  "minecraft:recipes/building_blocks/warped_planks": {
    "criteria": {
      "has_logs": "2024-07-04 08:28:06 +0000"
    },
    "done": true
  },
  "minecraft:recipes/building_blocks/nether_brick_slab_from_nether_bricks_stonecutting": {
    "criteria": {
      "has_nether_bricks": "2024-07-04 08:29:22 +0000"
    },
    "done": true
  },
  "minecraft:recipes/decorations/nether_brick_wall": {
    "criteria": {
      "has_nether_bricks": "2024-07-04 08:29:22 +0000"
    },
    "done": true
  },
  "minecraft:recipes/building_blocks/warped_hyphae": {
    "criteria": {
      "has_log": "2024-07-04 08:28:06 +0000"
    },
    "done": true
  },
  "minecraft:nether/find_fortress": {
    "criteria": {
      "fortress": "2024-07-04 08:16:57 +0000"
    },
    "done": true
  },
  "minecraft:recipes/decorations/nether_brick_fence": {
    "criteria": {
      "has_nether_bricks": "2024-07-04 08:29:22 +0000"
    },
    "done": true
  },
  "DataVersion": 3953
}